longitude,latitude
-91.6573,39.5536
-46.786,-23.452
-102.5228,40.9165
-112.1829,33.8794
-86.1885,38.5072
-83.8988,42.0087
-112.9531,52.5814
-82.224,27.4596
-114.9882,33.9411
-99.5188,29.4743
-118.2981,34.0948
-95.6249,35.8041
-88.7763,44.2283
-86.4191,42.0132
-83.8602,33.1856
-99.1411,40.9374
-111.3849,33.0558
-89.8433,35.7008
-117.555,33.8823
-95.8995,36.5953
-93.7519,38.3914
-81.4065,29.0034
-70.7562,42.1404
-6.6172,52.4565
-112.1468,32.9869
-118.4937,47.7371
-96.0691,30.6779
-40.0257,-22.3755
-88.2985,42.7021
-99.2811,29.1834
-84.0927,33.8926
-85.4834,38.6714
-46.2727,-22.7003
-86.1087,41.2917
-74.7434,38.3101
-96.941,41.83
-84.4779,33.8247
-77.0399,40.2914
-117.3814,33.2311
-76.7956,-9.6146
-96.2671,32.6974
-80.256,25.8898
-118.5317,38.1364
-98.8545,29.5426
-84.7709,31.64
-98.147,29.3147
-121.2346,44.1573
-68.7925,45.0111
-87.7556,41.7806
10.239,49.4754
-121.8921,38.2589
-111.3444,32.2875
28.1079,41.6957
-104.7915,38.9255
-116.0614,44.3962
-123.5177,38.851
-82.4006,27.0864
-47.264,-23.0821
-86.6634,35.2352
-96.945,32.7783
-81.2225,29.1735
-94.9206,30.5908
-120.7694,39.5328
-118.8472,33.9169
-75.9564,40.3101
12.9772,50.4419
-95.2197,36.4585
11.3242,48.4545
-80.9942,29.7867
-85.738,38.3519
-121.348,38.5553
-95.0822,38.8212
-118.0217,34.1078
-122.4859,38.3014
-81.35,27.452
0.3164,51.9321
-87.023,41.636
-121.928,45.537
-150.2198,61.2416
-102.6902,38.5592
49.9335,56.1406
-100.5357,32.89
-119.6433,38.0811
-116.2275,43.473
-94.3011,34.8335
-122.3832,37.6146
-121.9601,38.4082
-123.6927,49.2961
-69.9366,43.4412
-118.6633,37.9745
8.5106,49.4507
-111.928,41.9107
-88.1956,43.2137
-96.1289,36.0609
-84.4393,36.801
-112.0509,33.6797
-115.2396,36.0924
-111.9057,33.6255
-90.7087,37.9656
-114.4274,52.4838
-81.4157,26.7588
-77.0201,39.7807
-122.375,37.6231
-118.2972,33.9189
-104.8507,39.5528
-84.4965,36.1887
-151.9749,60.6455
-97.4374,28.4471
-92.4465,38.018
-90.4733,43.5769
-90.1702,38.1448
0.2904,39.6383
6.7271,47.4214
-0.3594,51.8773
20.435,44.7626
-80.2407,25.9847
-96.862,32.5061
-104.3724,38.0684
-96.7846,32.345
-119.8448,46.2292
-78.744,39.2018
-81.5216,35.0207
-47.3013,-22.4939
-79.1129,35.7206
-80.1693,25.9052
-89.2794,43.2407
null,null
12.6465,55.6126
17.2065,48.1717
-78.1956,-4.5106
-2.9941,53.4669
-121.9181,38.7326
-106.3546,35.4814
-71.7528,42.0677
15.8864,56.672
-95.4684,36.3538
-117.1034,33.3532
-82.4988,27.3458
-96.2723,32.6882
-95.0295,36.3755
113.577,22.0866
-114.0478,35.3324
-6.2631,53.4252
-99.3067,29.575
6.9632,43.169
12.5406,56.6421
174.7958,-40.0583
-112.6638,38.8434
-106.5552,34.9527
-98.4701,26.4904
-113.3151,30.4744
-111.8943,41.7816
-95.5735,29.8951
-116.9835,34.7451
-82.1037,40.834
-79.6755,43.4467
-95.2434,38.5576
-111.9111,33.6234
-95.0954,29.9116
-97.1502,32.3693
-79.6126,43.6759
-105.0183,40.1634
-117.7346,33.4603
-48.8767,-16.0926
-122.9047,45.6465
-86.5623,39.7173
-116.9573,32.8616
-104.9233,40.5976
-97.6916,48.3286
-88.017,44.5582
-96.6399,31.6919
-92.284,39.3179
-86.5195,30.7464
-120.1126,37.2102
-94.2586,31.8208
-112.4219,36.1244
-81.6639,41.583
77.2271,14.6154
-88.8466,41.7295
-76.5382,39.8589
-93.4969,45.3782
-87.869,43.2975
-75.4844,39.8187
-113.4633,38.1506
-96.2626,32.1374
-85.0943,42.9903
-104.9976,40.4129
-95.3895,29.9935
-98.1819,39.7581
-95.2421,30.2626
-120.6081,38.0467
-84.0663,42.0992
-97.335,29.9931
-96.657,28.3127
-86.1185,34.3036
-95.7746,41.4769
-89.5967,42.6043
-90.4248,38.3761
-149.8943,62.0826
-121.7691,36.7827
-117.2831,46.1602
null,null
-86.3526,32.2064
-97.3825,32.8278
36.4121,34.027
-77.7061,35.5288
-97.8576,28.8989
-90.336,38.3461
-86.9344,30.3616
-42.2828,-17.8634
-82.6866,27.7733
12.2836,51.4344
-87.9484,42.3705
-72.7947,40.5517
-90.2816,36.1553
-122.5292,46.1961
4.7549,52.3138
-127.4706,51.2698
-76.1977,36.7861
-80.6206,36.5864
-95.8529,29.6097
-80.9342,43.4693
-111.8915,32.8357
-115.6908,35.6996
-72.7773,41.8142
-81.6562,28.4897
-122.4111,40.5776
-78.2761,37.9685
-96.9755,33.2026
-71.3607,42.4424
null,null
-120.8628,40.3092
-109.8309,33.7673
-88.7524,42.3887
-95.3068,29.6442
-81.8219,39.5772
46.7679,24.8726
-82.2645,35.6331
-85.7044,38.1198
-89.2635,45.044
14.8582,65.0103
-72.077,43.5047
-92.6406,42.757
-81.4828,29.282
-123.6422,50.0394
-104.8693,39.5562
-96.945,32.9056
-90.3152,39.0231
-125.3116,45.105
85.3372,56.6878
-105.0626,39.5224
-118.9128,47.8243
-82.5441,27.8955
-104.5981,39.6024
-80.2425,43.0457
-77.4474,38.9449
-76.1535,39.106
-113.261,37.6753
-120.1985,37.4894
-73.9112,40.4443
-121.613,39.1287
-85.7832,30.3082
-85.0734,31.1334
-84.3804,33.4564
15.205,48.0596
3.6424,36.6287
8.5406,50.0367
-94.84,30.0951
-111.4471,33.2047
-121.095,37.9151
-84.6187,34.9349
-84.0412,42.2271
12.1218,44.8665
-115.2563,43.9633
-89.6457,43.9403
60.21,63.1267
-122.3077,47.4635
-77.6526,37.9712
-117.0911,33.2197
-118.2185,33.954
50.1272,65.2974
-77.5517,34.636
-87.6878,44.12
-80.4217,44.5417
-76.622,37.0456
-98.6868,29.5495
-114.5918,36.2979
-81.1128,30.2413
-96.5305,32.7389
-117.0323,33.987
-98.2447,29.9903
-82.4023,38.34
12.5612,64.5955
-90.556,38.8655
-119.3292,34.218
-98.8542,29.5429
-94.142,39.0518
-112.4885,33.8502
-99.5279,29.4637
1.2794,44.846
-1.6516,53.0934
-93.4395,34.3282
-87.4691,38.2196
-88.6931,43.4175
-84.6529,36.507
-98.6131,29.4492
-96.1716,40.9994
-114.2026,36.8872
-111.6193,32.9729
10.3638,52.8111
-75.9022,43.1583
-149.6823,61.3609
-76.1125,36.537
-86.1359,31.0831
-112.0285,32.9046
-83.6046,33.3912
-78.8909,38.515
-73.0747,45.7333
-96.8684,32.8672
-13.9783,29.9558
-75.2312,39.8714
-117.1996,32.6997
-77.4605,38.8911
-97.6006,32.9803
-119.9592,36.7217
-117.8573,34.0757
-81.1112,28.9872
-153.5406,60.6462
-74.1276,44.7138
-0.5989,40.9746
135.1863,34.4741
-119.2429,47.0853
-101.3395,31.0042
-117.829,47.158
-122.3823,37.6159
-81.7394,27.4691
-76.3579,-4.3675
-79.4357,36.0386
25.7544,43.3977
-113.2952,38.1137
-88.6201,34.3795
-117.2431,33.5856
-94.3787,39.3203
6.8567,50.8694
-80.428,26.0112
-117.2446,34.7444
-89.4995,43.0899
-116.554,33.022
-82.1364,28.2283
-105.1184,38.4231
4.5674,50.7865
-97.432,30.801
-78.6537,39.3393
-95.9728,36.0325
-75.5978,40.6363
-86.4404,34.8374
-112.0049,33.1795
-111.7439,32.9663
-84.5724,39.1046
-81.983,26.9302
-107.7226,35.1419
-77.7509,40.0216
-112.6932,33.7213
-118.2038,34.0981
-118.7508,35.1721
-96.384,32.8709
-86.3072,36.0633
-122.5777,37.6471
-112.9646,35.851
-101.2574,38.8542
-119.9288,38.1057
-100.8621,32.4464
-115.7015,43.1641
-86.5133,30.7306
-83.9909,42.8562
-94.7275,39.2996
-153.0861,62.2084
-86.9817,32.8383
-91.0136,39.9588
-86.2631,30.384
null,null
-117.5619,33.8833
-83.4043,42.6549
-77.9624,37.4226
-119.104,34.2137
-72.1999,42.3408
-82.3793,27.1251
-106.7883,35.167
-95.4254,29.3436
-97.4671,30.3787
-87.2878,39.158
-98.2863,29.5246
-97.9863,29.1455
6.2715,55.7709
-119.3604,35.9416
-115.4657,36.3449
55.3542,25.2614
-121.884,37.3383
-79.8253,39.7457
-107.6302,38.0336
-76.3481,38.6627
-81.8367,39.2485
-82.5257,34.8962
-80.2399,35.5095
-104.204,35.4066
-97.3274,30.6661
-115.5662,47.5269
-87.9575,38.3915
-94.9024,39.3465
-83.9967,33.8614
-86.3022,38.8691
53.6919,61.7055
-71.6962,42.8514
-81.561,27.3839
-101.3691,38.538
-96.5316,32.709
-112.0776,40.6301
-84.4822,33.7138
-88.8501,42.3278
-115.1199,36.2758
-74.8373,38.4427
-76.7499,40.0292
-85.0982,34.0687
-87.7464,41.7867
-96.5792,33.1896
-97.0791,32.6772
10.0656,49.0461
-123.1559,45.1883
-82.0976,34.4937
null,null
-111.167,32.3844
-101.141,36.9681
-122.311,47.5365
-104.1926,38.3454
-95.8336,29.4968
-122.3102,47.5409
-87.8054,34.2923
-111.5919,33.254
-98.1037,29.7952
-96.6745,33.6823
-95.7548,41.2451
151.4963,-25.4151
-82.1647,27.9807
-96.5159,32.5015
30.0862,42.2463
24.1819,46.7338
-126.9921,49.6937
-80.2648,26.1555
-99.1831,40.2099
26.0772,43.1759
27.4103,42.2324
-114.2145,30.744
-83.5863,35.9614
-79.5154,43.0402
-120.7572,37.9309
-104.5172,38.2869
-86.8528,38.4072
-75.3077,39.0792
-83.5661,29.31
9.6289,50.8209
-73.0941,44.9283
-120.9392,35.9836
-126.7675,50.8602
null,null
-98.7692,34.3482
-76.0642,40.1732
-83.7487,29.9655
-86.9551,41.1968
-109.6682,33.9453
-87.8299,32.5873
-120.51,46.5721
-92.034,40.1591
-111.9527,40.5973
-121.567,38.8455
-91.9481,37.5564
-77.2492,38.6364
-84.1964,33.2672
-98.5184,33.8752
-74.4323,4.6308
-84.4265,39.1687
-89.2443,43.1138
-46.1302,-25.6535
null,null
-87.1804,30.3095
-94.2654,36.9245
-101.0461,40.0981
-78.3963,36.5814
-99.418,33.9492
8.4788,49.7039
-82.7554,27.9705
-105.2809,34.6548
-90.5543,41.5748
8.2949,40.8273
-87.2277,31.0666
-77.7435,39.0091
-79.9171,43.3735
-96.6069,36.2474
-85.5283,35.5768
-81.7565,26.6368
-122.3683,37.6677
-85.4671,37.4257
-97.1078,29.1174
-97.6082,29.5237
5.6252,58.8806
-109.3933,35.9548
-98.2612,29.5204
-105.5214,50.7167
-98.1537,29.5685
-79.4311,36.9748
-21.6342,63.977
null,null
-111.9982,33.4326
-119.8916,37.9486
-95.8346,41.1046
4.4655,51.9191
-85.5529,35.0657
-111.9982,33.4328
-122.3102,47.2603
47.224,56.0863
-87.8854,41.5148
-78.3537,40.0266
145.2047,-37.1228
-99.2824,29.1813
-125.1889,36.964
-111.8235,32.9543
-106.1886,34.8914
-117.8182,44.4637
-119.1126,34.23
-93.3474,35.6751
-97.4122,32.9421
-81.3276,29.2535
-77.1685,-5.014
7.8642,42.6139
-97.3386,33.0875
-79.1763,38.5628
-153.9636,62.4759
-99.1429,33.546
-122.9534,45.5326
-117.2633,33.131
-122.1805,47.444
-98.5775,34.0105
-72.8292,41.8116
-92.1536,40.0812
-88.3657,42.6901
-95.0374,38.8217
-83.6608,38.5749
-80.9326,29.0669
-111.9059,40.4815
-83.9141,35.5156
-88.0713,33.2987
-80.436,26.0089
-112.0563,33.6892
-119.7978,36.3608
12.8947,35.9297
-81.8929,35.4405
-93.9127,45.4439
-75.6455,42.9166
-115.4502,35.5622
null,null
-117.1434,32.8127
-85.1093,37.979
-96.2263,33.3167
-92.4109,38.7062
51.37,26.8142
-91.7182,45.4059
-75.2538,39.8652
33.3618,32.9979
-105.6947,32.014
-90.8352,42.6422
34.4004,34.1966
-120.9415,36.5536
-85.7605,30.3898
-97.2916,29.3963
-97.5876,29.618
-117.1561,32.7254
-118.423,34.2765
-81.2481,29.0057
-80.4904,27.1929
24.5084,41.5266
-104.0208,39.3089
8.569,47.4559
-97.485,39.572
-0.4406,51.474
-78.9679,43.9423
null,null
-96.242,33.5849
-85.598,33.3378
-80.8273,39.4603
-4.7157,52.6452
-75.1977,40.2594
-112.812,34.6634
-90.4735,35.171
-98.2863,29.5246
-104.7046,38.8167
-121.9761,36.5643
-84.463,41.8931
-104.947,40.5144
-110.4668,30.7323
-82.0084,37.7682
-90.5316,38.7131
-81.2045,38.7458
-77.418,37.6849
-94.8499,35.3443
-118.838,39.8564
-89.9173,37.8555
-89.4951,42.3488
-85.0646,36.1596
-121.9507,44.5642
-112.7567,41.1542
113.8724,23.1104
-75.2043,38.7742
-0.855,51.4617
-117.6512,33.941
174.7012,-40.1109
9.1105,52.4523
-86.4912,30.6056
-97.5643,33.1171
-77.4392,38.9501
-111.6891,32.9496
-86.2696,39.8738
-97.4967,32.4922
-83.7732,33.7222
-95.7133,29.8729
67.0322,56.955
-105.1068,39.9011
-97.0738,41.4503
null,null
-95.8156,30.0671
-79.9908,39.4876
-83.6624,33.135
-118.043,33.6499
66.4006,58.0172
-80.0451,43.8839
-78.2116,44.2947
-92.8633,45.5859
31.5875,41.8482
-115.3438,36.3438
-80.708,27.8112
-104.7883,40.5956
-122.7513,49.0977
-104.7405,37.7527
13.9236,41.5117
-77.1409,38.8129
-84.6329,30.0141
-96.0821,29.8293
-80.9671,29.0133
55.3837,25.2494
-100.6733,33.0845
-91.1429,33.2831
-8.1132,52.8893
144.9187,55.7572
-122.7536,40.8364
-3.9786,55.9475
17.1965,48.1625
-94.0092,39.6764
-81.8723,36.2176
-95.5465,30.0207
12.6733,55.6281
-116.8871,33.6909
-48.139,-24.1056
55.3521,25.2584
-97.2277,34.2188
158.0268,-26.6067
-122.5732,47.5022
-87.7818,41.5307
-81.5636,30.275
-80.9839,34.1461
-111.503,33.1737
-79.704,34.772
-92.8404,39.1446
-93.8756,43.8076
8.242,50.1292
-87.2421,30.7959
-78.1291,43.1949
-122.4151,39.2476
-80.4415,26.2824
-86.2082,39.4633
-77.373,38.7811
141.1299,-37.9009
-108.1856,35.9552
-82.9879,39.2382
-121.8313,37.5774
-115.6396,36.1927
-80.9952,27.1821
-118.9063,34.2016
-80.8637,34.3137
-123.2152,47.7676
-46.446,-23.4277
-77.4415,38.9555
8.536,49.8475
-104.6891,39.8432
-93.8441,38.5702
4.7993,52.3074
-105.0406,40.0816
-95.9879,29.7801
-82.3696,27.0507
-123.2706,50.159
-126.3292,48.4996
146.213,-40.7056
-79.1102,36.9002
-92.8628,45.5299
-121.5963,37.3723
-81.7062,28.9921
55.3426,25.2612
32.4388,55.7206
-83.9031,33.9778
4.7549,52.3099
-95.9915,36.0207
-100.7003,32.6078
-111.2338,32.3659
null,null
-77.0862,36.6209
-97.0152,33.23
4.756,52.2994
-117.4121,33.1875
4.7422,52.307
8.7202,45.6142
4.7485,52.3151
4.7117,52.3312
-95.8819,41.2883
-86.342,39.6898
-79.0181,34.8559
-75.1772,40.4885
20.2142,53.8108
-75.2525,39.952
-120.4767,35.4385
-97.1728,32.7833
-85.33,30.2447
-83.0705,34.069
-121.7777,37.9314
-84.3389,36.052
-78.7332,35.9103
-122.222,37.738
-116.1112,38.3242
-97.4946,30.285
-111.9199,33.0925
-73.6811,39.9645
null,null
70.8052,16.7079
-121.269,44.2503
87.805,22.471
-82.2716,35.5527
-109.9186,35.5257
-77.7084,45.9936
-83.1186,34.69
-93.5064,39.665
-115.1604,36.0929
-96.3814,30.551
-79.0967,37.3644
-111.6281,33.5271
-82.9674,34.3858
-81.2834,36.4078
-78.5616,43.078
-93.1716,45.2351
-106.3734,35.362
-122.0548,38.3076
-108.0527,37.1453
88.6821,54.5732
115.2487,22.2859
-95.6633,29.7979
-122.2435,40.1028
-88.0495,41.9139
-73.7972,45.5434
52.3094,63.6199
-81.4926,34.7716
-104.6959,39.9182
79.7591,43.5474
-122.7265,46.8009
-111.504,33.2101
130.7025,34.1225
-117.2219,32.6757
-123.528,49.0763
-95.4461,38.6344
-95.2878,39.8267
-81.5355,35.7423
-76.9569,36.9906
-93.8405,40.0916
53.8491,24.621
-150.1471,61.7126
-104.6954,39.9493
0.7212,51.7504
36.9065,57.7176
-116.9256,33.1756
-97.7806,33.6835
-76.7482,40.1878
-87.5849,41.4162
-106.4946,34.8849
-119.2178,36.8286
-98.9005,29.2019
-116.993,32.7778
-97.0305,32.872
-96.5416,33.2321
-112.223,39.7923
-88.2715,41.8947
null,null
-104.6955,39.9386
-84.557,41.9478
-98.6354,42.2955
-80.9315,38.8395
4.7486,52.315
4.7754,52.3138
2.4947,49.0116
4.3279,50.4809
-118.2635,33.7578
-100.6815,39.1207
4.7549,52.3141
-90.4041,34.6619
-118.3422,33.8116
-121.82,37.3325
-121.785,38.8846
-98.3703,30.0535
-99.3181,33.2318
-121.4798,41.2873
56.0763,24.972
74.5775,26.3639
-96.5628,33.6624
-17.068,14.6669
-84.5344,34.135
-82.9756,42.7421
-119.825,34.4281
-76.9369,38.6739
-96.4167,41.3698
-84.262,39.2239
-80.9928,29.025
-123.1463,45.2013
-118.0232,34.1063
-81.1225,34.0414
-80.18,41.1676
18.9898,47.9169
-122.0418,38.0392
-113.5947,32.8674
-91.4866,34.3904
-89.3829,41.1548
-120.6046,38.8219
-85.4476,38.7354
-113.9941,33.5134
-77.5756,38.8002
-113.8336,39.4308
-83.8801,33.2383
-81.1993,39.1526
-81.6766,27.5059
-84.3821,39.1095
-120.6033,36.6825
-112.4624,35.8166
21.7201,59.4035
-80.5176,40.5182
9.0599,39.2499
-89.1201,42.4079
-117.3828,34.1479
-97.3408,30.8045
-95.4487,32.5004
-81.7925,28.8235
-95.5587,35.9534
-82.5634,35.2059
-111.9055,33.6251
-99.2633,40.2222
-84.0518,39.8612
-96.1076,35.2862
-82.1012,25.7031
-121.9356,49.3517
4.769,52.2976
-111.7264,33.4382
-82.5211,37.8165
-76.0623,43.1104
-94.9242,38.8942
-118.0898,33.846
-81.4566,38.2951
-107.0979,34.173
-122.3843,37.6124
-47.8984,-15.7766
-117.7587,34.0882
-122.2022,47.8272
-95.3341,30.7631
-84.9041,33.9471
-86.9342,40.4159
-83.6962,40.6844
153.101,-27.4304
-113.1778,52.7328
26.9326,36.3423
-115.0054,35.6495
-58.755,-31.6827
-120.8255,38.0342
-59.576,49.4152
-88.9049,38.2864
-118.8113,34.3073
-94.4067,44.8605
-113.5977,47.224
-89.8923,43.2113
-97.1807,40.8265
-121.7106,36.3505
-117.2918,32.6312
-122.5258,44.5187
-89.6228,39.9787
-80.1408,44.6064
-47.8262,-15.1045
-122.2123,37.729
-81.8581,28.6915
-80.843,26.1173
-119.8196,47.8039
-128.6283,50.6082
-77.4557,38.9443
-88.7966,39.0959
-150.4022,60.6786
-96.7719,40.8812
-73.7481,45.4589
-101.3632,38.7837
14.2774,50.1171
-120.74,38.7085
-81.5549,41.8812
-85.7795,38.3306
-112.1451,33.6705
-96.5254,32.8415
-118.7746,34.0483
-97.3808,31.2136
-94.4768,33.4855
-82.8477,40.5229
null,null
-100.4153,37.8003
-80.8738,43.9874
-82.4276,24.5229
-95.7578,42.0378
-83.1054,38.5147
-122.3422,47.1749
-118.5076,34.2344
-116.8893,33.035
null,null
-79.6301,43.6857
-94.4196,43.6866
-118.1661,33.8142
-90.1868,41.671
-86.5738,42.6576
-96.2806,33.902
-75.1565,38.2795
-80.2286,27.4033
-84.3067,32.8201
-84.2435,33.7247
-87.7478,41.7862
-82.3964,35.3408
-97.35,32.6624
-118.3674,33.9389
11.6812,45.9572
-46.7339,-21.7788
-150.6742,61.6011
-96.5495,32.694
-93.8431,38.4128
-118.3239,33.9234
-98.3565,29.6319
-83.7456,35.1941
-90.6845,39.448
-89.9469,37.0375
-117.3857,33.2074
-47.1257,-23.0137
-112.1873,49.7171
145.1116,55.9769
-76.3078,36.6805
-73.7477,40.6634
-111.6404,33.2957
-81.6838,28.9737
-104.8817,38.9628
-117.1929,46.6329
-101.999,36.9979
-89.6124,39.9495
-88.7192,44.5885
-76.5856,38.6794
-1.5879,52.8153
-122.2167,47.493
-88.454,41.9369
29.4205,35.9899
-85.7751,30.3059
-96.5837,33.0856
-96.0512,38.0564
-79.1119,41.95
-97.8605,33.2351
-111.7451,40.2414
-96.7326,35.0999
-91.5036,37.3065
-79.3509,35.2761
-114.3757,51.5897
-97.5008,33.4619
-88.2593,43.1853
-87.7607,41.7869
-97.1168,32.7311
-76.2173,40.1835
-83.0196,42.4184
-104.9227,39.8472
-122.3139,47.5676
-65.8518,-32.2661
-88.3981,41.9499
-90.5309,34.6068
-78.6026,38.1953
-83.4733,34.2844
175.1,-36.9855
119.878,23.8008
-117.3996,33.2065
-81.8977,26.6293
-81.6168,27.0784
8.4361,50.0556
-79.821,35.2758
-113.9874,35.6812
-77.4613,38.8309
-87.7781,35.5236
-123.2321,38.1252
-120.928,38.9849
null,null
-80.1669,38.3635
-84.2159,33.1505
-77.3577,39.0411
-83.7631,31.8011
-81.9522,26.6285
-82.3805,27.1056
52.3852,61.6858
-110.9561,32.1304
-86.6656,39.8204
-81.9604,26.8346
131.0502,50.723
48.8318,57.8516
-118.4182,33.9473
-82.2146,38.2377
-73.0802,47.1682
-93.4077,37.2218
-122.2182,47.4323
-111.7993,33.2733
-116.8224,32.855
-94.9179,38.5779
22.5479,60.91
-83.7589,34.1735
-84.2011,36.2662
-86.6381,35.9198
-85.8536,34.3099
-96.3965,31.9999
-90.1004,43.6187
-85.3538,33.4856
-86.2601,39.9986
-77.4561,38.9426
-98.4568,33.3114
-122.3546,37.5698
-87.7442,41.7884
-96.9248,34.9005
-95.7964,33.6565
-119.692,36.7614
-85.2409,37.5215
-95.5338,30.0826
-97.7879,39.1451
8.7299,47.4045
3.3636,50.767
-81.5029,43.9034
37.1698,56.0885
74.6948,43.4409
11.7716,48.3593
-76.0192,43.1115
-94.2094,40.6241
-81.5287,28.5455
-77.5613,42.9169
47.6978,61.3484
-112.1209,33.6706
-98.6076,29.7439
-81.0276,29.1881
27.0432,43.6873
12.8065,53.4016
51.3614,25.0479
-112.5602,35.4863
-112.7937,33.4258
-112.9169,38.4403
-81.2375,26.411
-96.8372,32.9703
14.5271,58.56
-81.0403,30.2263
-118.0911,33.9668
11.9192,50.9333
-74.6788,40.8894
50.7464,56.1454
-118.4362,34.1002
-4.6174,54.082
-83.2623,33.8463
-77.4414,38.9498
-87.3167,35.2055
-95.929,41.0281
-3.5202,55.7266
-93.9933,32.3653
-77.3576,39.1435
-95.4673,30.5469
51.1117,25.159
null,null
-117.2045,32.7345
-93.0468,41.9885
-93.8805,36.3155
-118.1704,34.0817
-118.4059,34.1764
55.2632,61.7123
55.3445,25.2625
-80.5616,26.6152
-112.3582,34.7123
-98.2916,29.5057
-9.8134,55.9304
113.9925,18.3389
-85.1388,37.8905
-112.4067,34.7194
-152.541,60.8256
25.7278,52.9047
-96.6145,33.0207
-96.088,30.2909
-105.185,40.1743
-117.0305,32.7726
-82.7932,28.148
-72.9797,41.3608
7.74,52.0522
-73.9226,43.1269
-98.3744,29.1529
-89.4061,35.6988
113.9236,22.6168
-92.7822,34.4988
-96.2777,33.4315
4.9857,52.6818
-87.4224,34.424
16.0108,49.949
16.0322,49.9767
-79.6509,43.6918
-91.2796,37.5313
89.1846,55.4163
-93.5347,45.1692
-119.9976,38.7732
-93.5602,41.7163
8.8601,59.7037
-79.1498,36.9527
12.45,51.4447
-91.3625,38.3418
-97.5752,33.2485
-122.3019,47.526
-81.7178,30.275
8.7255,45.6425
-96.8823,49.7262
-82.2742,27.3258
-112.1194,33.7024
-96.0752,33.4263
-121.9184,37.3549
-104.7113,38.9432
23.4008,43.2061
-88.3135,31.2634
-99.9906,31.2197
-42.2082,-17.9685
-118.4657,34.4383
-118.3161,47.6299
-113.2956,34.7735
-111.0028,34.1306
-86.9373,40.2306
-86.9693,39.5904
-46.7377,-23.5454
-101.6362,36.0804
-119.1881,36.7191
-0.0664,58.114
101.7194,2.7433
-37.4447,-11.5066
-71.1027,41.9119
-123.3014,46.1319
-96.077,38.8401
-117.7191,33.5893
-76.5753,36.6937
-115.5741,44.4945
-80.9222,40.5736
-95.802,29.8671
-75.5973,38.1741
-71.1499,42.4392
153.1542,-27.3398
150.2078,-30.008
6.1,42.6667
146.1298,-18.5983
-70.2594,42.9352
46.587,53.3343
-95.3657,30.1215
11.991,53.082
11.0723,49.4969
-118.6799,34.0226
-112.021,33.4256
-125.3708,41.8856
-89.6683,44.5294
-78.1089,42.7711
-85.7607,38.2148
152.9847,-26.8649
-116.2518,43.9514
-82.6449,27.608
-100.5329,33.761
-126.3175,42.9274
-86.6867,31.9151
-100.3606,37.0938
153.1225,-27.3874
-121.5906,41.5721
-83.4161,39.9348
-78.0666,36.3194
-112.2544,34.5349
-95.6202,34.9868
-85.2259,37.8414
-93.5081,42.2598
0.9865,46.3103
-80.2072,25.9183
-81.7529,28.2917
-4.2931,53.1217
-97.2629,31.5483
-78.016,45.1503
-117.644,33.9863
-83.1373,34.8216
-81.6984,45.3392
-120.7713,35.7954
-118.2172,34.1617
-121.8215,37.3354
-85.6204,38.7158
-82.479,37.7364
-78.2717,37.1883
-78.821,42.0062
-116.1609,36.3866
-76.9369,39.4288
-87.6615,40.736
-103.3571,41.1263
-104.5951,38.8362
-118.6794,34.8316
-113.7516,51.268
-87.7607,41.7879
25.1708,40.2695
32.9694,59.85
-97.5935,31.9633
-99.803,30.2927
-93.5362,37.5929
-98.0467,29.2487
5.7205,59.8375
-112.5667,34.5569
27.0147,43.1015
-77.0709,37.7856
-97.1344,32.2104
10.0722,48.4994
1.4487,51.5193
-88.0916,41.9874
-115.1391,36.0783
-85.5637,38.5312
-86.201,39.5998
-95.2319,36.2491
-82.7893,38.1695
-149.5781,61.4214
-89.1838,35.1465
-84.8543,37.5084
32.991,40.1042
-84.5046,36.4025
-121.3718,37.7081
-114.8447,34.5892
-81.2872,30.6352
-120.4173,36.4554
-77.4416,38.9475
-111.8284,33.1442
19.3992,46.5034
-76.6852,39.9381
-86.516,30.473
-83.1895,39.6104
-117.4536,44.7166
-77.8219,41.164
74.6693,10.1121
-77.0924,36.092
-96.838,32.9721
126.6505,53.067
129.683,51.5085
-122.3182,47.5402
-97.7446,33.235
33.2343,36.4155
-71.3294,42.6408
-46.9924,-23.1101
48.7777,61.4602
-47.308,-21.996
-77.4682,38.5101
58.694,56.7976
-118.4347,33.9949
-96.4361,33.3243
-95.5483,30.0222
-108.9275,34.5212
-97.0181,32.8306
-106.5764,37.4123
-89.3294,42.3024
58.886,56.8258
-119.5164,35.6817
-81.9949,26.9177
-70.8431,48.6783
-78.1511,41.7984
-117.1763,33.4007
36.6004,55.724
-85.6658,35.2932
-80.0711,47.133
-97.8829,27.6812
-94.3622,36.4892
-97.6282,33.9689
-95.7663,30.0522
-121.0646,36.2882
-121.1443,36.9353
-88.1397,44.4788
-111.908,32.9988
-122.0541,37.882
-90.2924,41.0977
-84.4931,39.0961
-77.4457,38.9466
-121.0396,39.2082
26.3816,44.9232
-92.1945,38.6656
-80.8754,36.0599
-104.7325,39.7856
-122.8368,47.2869
55.3624,25.261
-81.9274,36.2774
-80.7652,38.3155
-122.9048,38.132
50.3487,27.2447
-121.6751,38.5905
-111.9415,33.6149
31.2072,59.8591
-78.6773,43.1204
-121.2297,36.3725
-113.2578,39.2181
48.1373,59.1123
-96.8467,33.3387
-106.9376,32.0459
-83.7412,30.6977
-89.0179,36.0238
-47.0064,-21.9326
-80.939,35.2595
-115.2008,36.2171
-97.886,30.2591
-3.8452,60.4336
7.4272,50.5588
-121.381,35.991
-96.4787,29.8557
89.8017,24.1975
-117.0282,33.3467
-72.1574,41.9203
-111.7244,33.4566
-113.9374,34.4355
-97.0929,32.6892
2.0319,47.7261
5.0297,40.549
-114.1943,40.8392
-90.0261,41.1187
133.2624,49.5954
-89.2937,42.3056
-74.8801,40.2268
-97.6267,32.5017
-81.3428,30.0406
-95.7483,29.7456
-73.9201,45.7421
-87.7535,41.4019
-113.8005,51.3421
-51.6456,-29.9384
13.2588,48.4926
-111.6218,32.9526
-107.3061,51.3348
-118.8165,34.1721
-78.6276,37.6392
145.7501,-16.8802
133.4063,50.558
-81.555,40.9172
-88.9236,31.1139
-76.9643,36.5024
-78.0699,44.3428
-102.501,39.2295
-112.0746,33.6868
-111.2545,32.771
-116.9121,36.947
-73.4435,50.4482
-73.8267,40.5693
-94.8186,44.2068
-84.9184,33.6958
-116.4111,47.5767
-85.4845,41.2098
-80.8375,35.4304
-97.6923,30.5045
-76.4602,41.3591
14.5255,48.8671
-76.7578,40.7192
-61.3096,50.2941
-111.4913,33.182
-77.4838,38.6647
-97.5523,32.5267
-82.6701,37.366
-77.4127,39.2654
-149.9718,61.1713
-85.7206,38.156
-88.1986,41.9903
-114.3154,34.1931
16.11,59.079
-95.7362,29.9561
-112.4491,33.5005
-111.8759,33.6535
14.8559,52.054
9.8411,52.463
-111.7338,33.2364
-93.4816,44.6427
27.2509,40.941
-93.3817,35.7408
8.6324,46.292
14.7978,39.0592
14.685,50.098
13.9199,46.836
19.0869,52.1708
-86.271,40.0576
-86.1461,35.388
-85.0425,38.9141
-84.8331,40.0373
-72.9138,45.1852
-116.2695,49.9283
-118.4711,34.2341
-91.2189,38.6958
-86.9128,34.9832
-79.9131,39.6034
-86.1539,32.5047
-96.1213,41.2027
-97.847,32.9184
-2.8672,53.3754
-84.2416,40.1713
-76.1568,44.0765
-93.9447,45.296
10.4251,49.476
-81.074,30.1678
29.5367,58.9654
21.5406,45.2277
-104.4081,37.6696
-94.0654,36.3935
-61.0896,11.0842
-96.7432,30.3324
-110.798,37.2786
-114.0328,52.0487
-122.1425,47.7209
-94.6095,39.0988
-96.6093,27.7862
-93.8315,36.3481
-82.3306,43.4637
-79.8614,35.8675
-95.1425,25.0061
-122.4157,48.3944
-122.9903,49.1652
-89.349,33.3672
-116.4361,32.1876
-89.9541,42.3249
-77.4748,38.9495
-116.8651,32.8582
-91.3869,45.0106
-85.5515,32.1985
-96.0114,36.0283
-97.4222,33.0102
-122.111,37.456
-117.0439,33.2778
-94.2205,36.3593
-82.1955,27.0934
113.7844,22.2134
-76.1748,43.1055
-81.9023,41.3815
-117.1327,32.8134
-150.1528,61.1675
-96.8128,32.9765
0.9161,51.143
30.3683,50.5226
-87.3364,40.8665
-96.8627,32.955
null,null
-96.3665,29.112
-83.5149,34.5842
14.6081,46.266
-77.4647,38.6326
-149.0324,61.8807
-76.1668,36.4269
-117.6925,34.0237
-87.9404,41.9657
22.8435,44.6978
10.8011,49.9654
-1.1927,42.6239
-47.1437,-23.0056
-111.7693,32.994
-96.6424,32.2502
22.3792,57.8065
8.8185,50.2319
-85.0013,39.6294
-116.7922,32.8054
-95.9717,30.1691
-84.4099,33.6319
-97.4902,32.7815
12.5441,50.926
-79.2546,41.602
5.6215,58.8859
-83.7895,30.5084
6.612,46.4898
-117.727,33.7206
-87.9456,39.8441
-112.1036,40.8509
0.9229,51.1187
-85.889,43.6161
-92.2725,36.3753
null,null
-41.474,-21.6435
-77.5411,39.4866
-75.9443,6.0454
-75.0028,38.6038
-97.0894,29.6256
-87.1202,41.4867
-117.5558,34.1531
-114.1153,36.3051
-93.6509,44.5451
-111.437,32.7648
-82.0497,28.2972
-82.3912,30.6284
-81.6406,35.9638
-86.2429,39.8611
-120.3333,36.4442
-85.708,42.7953
-77.4764,38.8477
-90.7879,38.5914
-93.187,44.8672
-78.4846,40.3234
-104.8251,38.9825
-121.6607,40.0785
-117.6101,33.976
-123.5818,39.5807
-95.1444,29.6423
4.7443,52.3087
35.1111,56.5561
-91.661,40.9966
9.3418,52.845
-87.0897,36.1119
-77.5134,38.1927
-77.7663,38.7746
-119.2441,35.9569
-97.3545,32.8476
-111.6365,33.3159
-89.0706,37.9203
-76.5073,38.9828
7.5311,47.5937
-119.4326,49.893
44.6908,60.7827
-118.0007,33.8634
null,null
-86.9833,36.3148
39.9707,57.6759
-96.0513,33.0938
-112.1655,33.683
-113.8191,29.1161
-89.2497,42.3922
-72.7277,41.6999
-97.1687,33.2098
-97.0312,32.7735
-70.2496,41.8316
9.6139,45.688
30.8588,59.2775
-101.0406,29.6432
-120.9032,39.0187
115.2452,22.1324
-86.3934,30.3726
-117.1975,33.3222
-97.0933,33.1779
-86.8359,39.6427
2.528,49.0214
-88.4416,34.229
86.5227,55.6255
-89.269,42.474
-105.1669,35.8745
-111.8611,33.161
-150.5403,60.4549
-78.1042,38.2637
-84.5187,26.7439
-84.5245,38.9081
-84.7721,36.7076
-98.976,42.3238
122.8407,23.3047
-107.0344,40.1774
-75.6564,37.6182
null,null
-70.649,41.8173
-80.2953,25.5667
5.9527,40.7307
-112.0936,33.687
-111.7991,33.2731
-98.1589,40.9497
-86.4571,34.7836
-117.2737,33.1293
-85.7932,33.514
-81.7353,42.9355
23.9552,52.85
-107.425,52.1878
-8.482,52.8002
-111.72,33.4655
-88.5558,41.9154
44.709,41.4015
-122.0015,46.6673
-84.4155,33.6318
-77.128,-4.3697
-150.4429,61.9401
43.5801,55.8757
54.089,26.6222
1.9873,37.7844
-113.1656,37.5474
51.6209,25.5173
-8.7165,54.5929
-122.2176,47.4975
-96.6301,32.8299
-91.7243,42.6789
-122.6006,47.6128
104.0558,1.5348
104.0438,1.3681
-112.0261,33.4329
-90.5187,37.9709
-122.2885,38.2019
-92.7897,33.8632
-97.8449,32.4053
-89.614,44.0867
-111.6284,32.5493
-3.5522,44.6292
-105.0971,39.8988
34.2462,34.7223
-95.5075,29.509
-120.567,38.4288
-79.5405,46.4324
-83.7732,34.3114
98.9672,5.4695
-75.8712,44.503
-41.9363,-22.4445
-88.8346,41.9133
-106.1926,51.6681
-13.4787,54.8438
-79.237,43.5394
-122.1161,37.658
-116.4554,34.9959
-122.7317,48.5734
-97.2498,32.2852
-97.7839,29.6464
-118.6183,42.6075
-96.367,32.9598
-111.9604,33.4318
-86.6067,34.749
100.021,14.094
113.3387,24.2093
134.1011,34.3935
-118.4282,34.0153
-110.6906,33.8926
-82.4975,28.0784
-97.6641,32.6867
-112.7353,53.9493
null,null
104.016,1.4403
-99.0231,48.8363
-149.7525,60.9993
113.9187,22.301
-99.1419,30.8862
-83.3501,31.1369
-108.2775,38.6855
-76.8354,36.5592
-111.7671,33.6747
-120.9047,45.7054
-121.162,43.9735
-96.0557,30.1549
-88.5147,34.7658
-74.064,40.8539
-120.9865,35.7391
115.8089,21.9546
-76.7486,40.1889
-104.2083,40.2952
-79.6167,43.6785
-97.5249,32.9382
-119.0737,34.1069
-118.4138,34.2779
-111.5982,32.5462
-115.2889,36.2851
-120.9182,37.9899
-112.3735,34.0754
-97.2094,33.681
-74.7254,39.5195
-81.6664,30.2306
-90.6349,38.1391
-90.1181,38.8143
-111.6489,40.1678
20.6051,56.9998
-83.3541,27.8497
-113.3623,32.8621
51.612,25.2629
52.8153,26.0265
51.616,25.2663
-94.9306,34.7747
-75.5854,39.6671
-40.1885,-20.6776
4.7422,52.3038
-97.1702,32.7518
29.4154,42.4755
null,null
-91.1045,45.0883
-88.7069,43.5442
-89.3124,43.8474
-115.4547,36.3773
-95.4744,41.1849
6.1978,51.4481
-115.9636,33.665
-77.4423,38.9481
-75.5906,45.5725
-77.992,46.7471
-116.943,32.6797
-111.752,33.1234
-98.1064,39.008
-83.0871,37.1842
-75.181,40.747
-74.1345,40.8033
-82.8901,37.2632
-96.2923,32.2354
-76.2693,37.5765
-95.9002,30.996
13.2763,48.9871
-106.3559,40.4365
-85.8501,37.1797
-85.308,31.4776
-75.1746,40.8916
-82.8871,39.9924
-107.9707,34.7222
122.9637,26.7425
-95.6846,29.8563
-91.0021,41.6868
-78.0251,38.1178
123.1218,26.9128
-89.3276,43.1385
-83.3328,42.1653
-77.4117,37.9301
14.3726,50.1456
-82.387,28.4798
-78.9823,42.5666
-105.0823,38.4165
-123.0166,48.4376
-90.4334,35.063
-85.1189,36.1009
-103.2604,36.6251
-78.9908,41.1274
-147.1882,60.9329
-96.5693,32.4895
-121.7181,45.5295
-74.145,5.529
-91.393,35.4078
-77.3849,39.3711
120.6885,20.1509
-71.3778,42.9734
-74.3218,47.068
-96.866,32.6499
-94.3772,38.6942
-96.7244,33.0258
-110.1391,35.7488
28.9649,41.3329
-121.8378,41.2998
-78.9197,39.3871
-72.4997,41.1347
120.7435,17.0183
-83.0836,39.774
-84.4038,33.6495
114.9612,22.3379
-92.2183,37.3797
-80.6873,35.446
-6.4031,52.3979
-74.6426,39.9032
-80.9159,27.6315
-86.0723,36.3362
-96.1857,29.6847
-121.7096,37.2442
-116.767,33.8367
-73.7581,6.0203
-87.7333,40.5771
-104.8351,39.579
-81.2701,34.6912
34.574,32.03
-96.376,29.8783
-123.1502,49.1983
-123.1945,49.2006
-123.1998,49.2017
-96.8246,33.0382
-77.6621,33.3794
-88.1042,34.835
-96.5817,32.8337
-123.2084,49.1999
-85.063,34.606
-123.1825,49.2009
2.1444,41.8233
-112.0946,33.687
-117.1857,34.0042
-84.4949,30.382
-123.1955,49.201
17.5787,37.8178
-91.9822,38.0195
-94.9511,39.2238
-115.3273,39.5783
-83.2382,32.6607
-119.1107,34.129
121.9973,25.5948
-97.1248,33.8796
-73.6905,42.7489
-77.8325,38.3265
46.0472,59.4709
-122.158,47.3582
-112.109,33.6881
-109.4995,34.6917
10.9249,49.5169
-120.5673,35.1852
113.9274,22.3087
113.9216,22.3119
-82.851,27.8997
-86.9016,41.2572
-81.6984,26.5685
-77.3699,41.7527
-73.2653,45.2922
-121.4005,38.5802
113.2184,22.9375
-94.5106,39.1917
null,null
-74.5179,50.0927
-112.1352,33.8952
-83.2275,27.1878
-94.8022,34.3649
-95.8428,36.1001
-121.6713,38.6036
-111.672,40.0388
-97.4676,32.5434
-7.8206,53.3739
-82.1226,30.2918
22.5656,54.2141
-88.7205,43.0868
-117.6016,34.058
-77.5414,34.474
-97.0169,32.4007
-105.0303,40.4452
-75.9369,40.1453
-98.0962,30.3533
-94.3293,35.3355
-121.2645,38.1991
-118.1883,47.4719
-121.7217,38.7785
-108.9041,36.876
2.7246,39.5489
-107.9621,38.0525
-46.6422,-23.5118
-118.2771,33.983
-76.6537,39.1547
-97.6822,32.6813
-99.0734,39.8103
-103.9921,38.1245
-74.1205,39.3177
18.0411,59.3412
-93.1911,39.479
null,null
null,null
-149.5082,61.5738
-6.7362,42.3779
-118.1567,33.8843
136.3824,37.9823
-112.0406,33.7229
-70.9561,46.1236
-95.3923,32.8919
121.3689,22.6349
-85.9755,38.3607
-73.7876,40.63
-93.1145,40.3861
-150.7686,61.2154
-102.7952,35.7122
-72.1482,42.3727
-111.7891,33.2401
-87.7586,41.7791
-105.0237,39.5568
-119.5336,36.1711
-89.4381,33.215
-149.9635,61.2895
-84.0883,38.4786
-87.9875,41.9656
-123.4863,45.5268
46.3446,61.3098
-123.1267,44.2986
4.7174,52.4191
-88.0514,43.0902
-122.5813,38.9856
-110.8999,32.1069
-119.3844,37.8666
-83.6361,33.3647
-95.5558,32.6216
-117.6682,37.3308
-150.1308,61.3849
-87.9888,41.6009
-96.3569,32.8165
null,null
-78.693,38.7931
-73.9132,40.3727
-71.0128,42.3494
-77.4724,38.9449
-92.7139,39.4793
-78.122,38.2813
-82.1821,27.167
-113.0101,38.4287
-94.1178,41.0038
-97.5717,34.468
-95.3373,29.5921
20.0244,50.7661
-121.1654,38.0173
-111.7377,33.7051
-4.2482,53.5455
-101.9353,40.0778
12.9678,56.1373
-107.04,38.8532
-115.7984,31.3186
-87.6843,41.8218
-76.7609,39.14
-93.8452,36.5468
-84.2974,34.2997
-97.2137,33.197
-83.2987,39.655
-98.5333,30.3397
-112.2407,33.3556
-98.1579,40.9394
-81.8645,28.4773
-118.7963,34.0475
-108.0958,37.8978
-149.8772,61.4671
-82.2298,26.9032
8.7257,45.6417
-104.5219,38.2907
-121.9702,37.5184
-89.9428,43.8661
-96.3269,33.5608
-84.8789,30.4762
-116.6287,33.8534
3.2233,48.9014
-82.1531,40.3509
-116.2725,53.2794
-96.3014,33.2822
-104.335,38.8459
-104.5499,39.1893
-86.7101,36.1436
-105.2448,40.0508
-97.6553,32.4661
-104.5146,39.7515
-79.4973,35.3229
-117.5815,34.055
-104.8004,38.9612
-104.8008,39.0176
-104.812,38.9874
-98.6208,38.709
-104.7756,38.9892
-104.3725,38.7736
-111.9876,41.8553
-119.6348,38.3969
-114.3348,35.7387
-122.2177,47.4985
13.518,52.3867
-89.0901,34.4225
99.9633,14.4539
-95.9986,31.2035
-118.1889,34.7129
-122.8595,49.2168
-98.0291,30.1364
-106.7953,36.5176
-65.8778,51.4302
13.4162,45.9834
-150.0158,61.254
50.068,44.8325
-70.125,41.7514
-82.6383,33.0905
-81.7965,37.6181
null,null
-105.0001,40.4819
4.7637,52.2969
-94.8945,39.2207
-119.7341,39.4895
-111.2212,32.3666
8.2208,36.4369
-88.5283,44.2459
-77.3098,39.6322
-118.4244,50.041
-121.7848,38.1247
-77.4499,38.9444
-96.4252,33.9427
-95.335,29.5941
-122.5262,41.4824
-118.2567,33.6772
-88.7158,33.8151
-93.5128,40.9983
-96.6727,32.9495
-104.7184,38.9394
-116.2175,43.5668
-86.0963,38.2135
-122.396,37.6982
-75.974,40.7313
-117.0749,33.2436
-122.9291,48.6004
-120.3184,47.3097
-117.835,33.6487
22.6931,60.3079
null,null
-0.5954,51.9259
-74.8955,40.4031
-77.3598,39.4285
-88.7616,37.8306
-121.2998,46.9743
-85.526,31.2168
-91.733,38.0477
-83.8013,37.0337
14.6193,49.2804
-96.4345,32.9242
-87.9072,41.9704
17.3689,49.402
29.0074,59.0959
-77.6718,39.1799
-106.1441,39.6821
-0.0766,50.8871
-118.5305,33.9407
-104.7794,38.8312
-71.6469,46.7644
-104.816,38.9645
-104.567,38.9647
-104.8588,39.5924
-116.9273,32.8343
-77.8015,37.6948
-97.8884,30.8285
-94.5439,39.0162
-77.5184,34.3548
-78.2882,37.3341
-99.5262,32.5336
-79.6931,43.0123
-115.1685,36.0851
-122.3726,37.6161
-87.0229,30.4542
9.999,54.5089
-89.7104,38.3684
-90.0874,44.8884
-113.0029,37.8131
-77.4404,38.9502
-105.1447,40.2442
120.5472,23.6375
-97.0259,32.9239
-80.2092,25.9196
1.0919,51.9076
-83.6318,37.258
9.18,49.7278
-96.7814,32.6602
64.4188,56.564
76.7332,28.1532
-97.1484,34.4516
19.2612,55.7079
-87.5302,41.5916
-87.0742,30.9396
41.7618,60.659
-81.5504,39.16
-77.4363,38.9327
-105.1447,40.0252
-90.1127,39.5488
-118.2521,33.7171
-83.6992,41.1877
-96.6174,33.2722
74.0974,16.526
-83.3931,40.347
-71.3626,42.4477
-119.7037,40.2057
-117.9198,45.9967
null,null
-112.4934,33.7914
-3.4291,55.9308
-79.5562,40.4586
-97.0256,33.0067
-78.043,33.7695
-122.3472,37.9545
-120.1151,35.073
-71.1383,42.089
-96.0439,32.8534
-93.1483,44.8506
-81.7696,28.5086
-78.4604,42.2944
-97.2819,41.111
-85.4477,33.3645
8.6201,46.4235
-96.4362,40.0276
128.6364,32.9528
-80.24,43.5079
-96.2239,35.9721
-95.6513,29.6463
-91.1456,38.5225
-120.2154,35.2562
-95.3086,39.0136
-73.7177,6.2157
2.6614,40.1308
52.3367,25.4421
-118.5349,38.6973
-97.1982,33.1923
176.436,-37.7201
-118.2558,33.9589
-85.6214,35.7821
-111.9971,33.4372
-118.4211,33.936
-81.6542,28.77
-85.9922,38.452
-85.893,41.0243
-79.3584,36.1226
-101.8382,37.0992
-105.1862,40.1227
-120.1268,35.8474
-77.4858,39.0359
-111.7548,33.4824
-104.7956,39.6901
34.7223,32.0893
45.041,61.2233
-79.7008,43.6489
-93.2463,44.5502
-96.8628,33.2937
-83.7435,32.79
-123.7052,44.535
-119.0605,47.8877
-87.7193,38.4893
-86.4119,30.4184
-77.5376,35.3235
-120.6239,38.0213
-73.1459,43.0937
-113.8869,39.0163
-121.6437,37.7733
9.2082,47.5128
-96.2778,33.2407
-85.8893,31.1196
-90.8578,39.3509
5.376,51.5457
-82.0125,34.1258
50.28,27.3293
73.6671,20.4376
-73.7265,45.4753
-86.5807,28.298
-118.3265,33.6138
16.6227,47.7372
23.2903,52.238
-119.0588,35.1152
51.1367,26.3618
113.9271,22.3015
-94.889,38.8007
-122.3102,47.388
103.3788,3.4937
114.4389,22.3655
-73.8703,40.345
-95.566,29.9051
-80.2676,40.7651
-121.0862,47.4201
10.9007,57.5455
-119.6173,35.8908
-78.6297,43.4229
-118.5289,34.2137
-97.6817,32.7871
-111.5996,33.0734
-95.4719,29.4969
-92.9445,44.8164
-95.5924,30.4065
10.3384,48.3833
-96.5476,32.7674
-88.7086,39.65
-78.0783,38.1282
-89.6199,44.91
-89.0187,43.63
-111.8058,33.2742
-112.019,33.089
-96.7925,32.9529
-112.2997,34.5179
123.0259,25.9253
-83.3341,37.2148
-84.8167,37.0125
-91.3758,36.0026
-119.4107,36.1004
-81.1117,39.2201
-84.3034,33.87
-96.5539,31.6531
-112.13,32.7167
34.3924,34.3425
-122.2921,47.5205
-95.3814,29.5519
-117.1411,32.8698
-97.4221,32.5596
-79.0583,42.3548
-122.1085,40.5551
-82.7691,38.6177
-121.0707,38.9557
-95.5846,29.3886
-111.9038,33.6092
-111.7352,40.2333
-82.4417,36.116
-82.6606,35.0158
-101.7133,36.221
-124.5424,49.2789
-96.916,41.174
-61.0967,-31.9947
-61.3655,-32.0536
-113.2137,35.5031
-81.504,27.0437
-61.5848,-32.0824
-82.8945,39.993
-91.2104,42.0691
-95.3491,33.743
52.8122,21.8941
-116.9745,32.8139
-97.9211,33.0708
-113.2692,33.684
-85.3588,31.4108
-98.1662,29.0344
-118.3181,33.6348
-108.6193,34.3803
-92.2539,34.8713
null,null
-81.4398,43.5718
-118.0414,34.0774
-78.9982,36.2922
-111.4672,33.605
-109.9712,36.8287
-75.0893,38.8292
-96.9722,39.0127
-83.1517,42.6201
-96.0973,33.6418
-117.279,33.1282
-97.8742,30.2655
-122.1037,37.6658
-82.1061,42.6185
-103.8057,39.0378
-80.3914,25.6565
-113.2664,34.7161
-102.7941,37.0485
-72.4967,41.3945
-123.1192,44.0449
-85.9475,38.221
-95.8348,35.5509
-97.0593,29.8701
-96.4975,36.3284
-86.0775,41.2517
-75.2483,38.966
-78.9267,35.4967
-98.4277,29.2294
-86.6448,30.372
-97.6839,32.5027
-95.1661,29.7934
-120.1029,34.5358
-94.6806,36.0033
105.3165,28.6122
-90.0497,37.701
-83.3684,28.4081
-119.5797,34.4901
-70.3274,41.5362
-111.9273,33.156
-82.2115,37.4152
-81.7585,40.9902
-81.6916,28.6422
-78.5986,43.0681
-110.9462,32.242
8.4737,48.068
-93.0721,44.9529
-93.2586,45.1147
-118.4018,33.9476
-83.5298,32.0274
-78.4472,40.972
-112.0095,33.4364
-96.5675,33.0113
-85.7135,33.1844
-92.6587,34.4702
-90.5056,38.9449
-95.9002,36.1896
-87.0584,31.0389
120.4653,22.0454
-83.3289,38.5984
-89.0834,33.9019
-106.0416,34.9472
-122.7418,40.3938
4.7679,52.2985
-95.796,29.6783
-104.1021,38.2079
-96.9131,33.0311
-96.3735,30.6305
-81.8682,26.8055
-77.4366,38.8345
-80.2567,26.0031
-83.311,33.7999
24.8194,59.4155
-77.869,38.8832
-118.3212,34.1869
-63.7457,50.0412
4.1954,44.9381
-113.2077,35.1596
-86.8378,34.6118
117.6197,22.0892
-116.3151,33.9522
-116.6083,33.9144
-96.3825,36.5914
-115.1298,36.2517
-95.108,35.6826
-80.2742,36.1748
144.436,51.9311
-83.7384,42.5567
-76.6159,-4.9777
-119.7623,36.9865
-120.9647,38.3272
-117.2715,32.9141
-115.3968,47.4368
-118.4647,34.2214
-113.4276,35.8058
141.2815,35.5484
-118.4053,34.2516
51.2839,25.183
-119.0628,36.1263
51.062,25.5347
51.3162,25.1199
-104.6348,39.4266
-124.4186,49.4144
51.2368,24.876
-122.382,37.6145
-90.1466,42.4664
-73.2427,40.7538
-111.3155,32.5358
-87.6169,41.7827
51.3181,25.1155
51.3234,25.1023
-104.7321,38.7475
-111.6683,33.3248
-112.896,33.0689
51.3192,25.1079
51.0563,25.0746
-118.578,33.0463
51.3129,25.1187
-88.587,41.7069
-82.2813,28.7802
-94.432,39.0475
-76.9732,35.4432
-77.4597,38.9424
-78.7517,42.9232
-76.6139,37.7173
-111.6538,33.3074
-97.2577,33.0638
-86.7811,31.0807
-89.6851,44.2405
56.2058,25.1786
22.8725,43.0184
-112.1457,36.8774
45.6743,24.5044
-122.5269,47.9191
-96.5903,33.1433
-111.8841,33.2045
-111.8804,32.8997
-95.6931,32.1311
88.0722,23.1037
-97.8079,30.3407
-119.199,34.2007
-86.2111,35.665
-118.4243,33.9497
-77.7072,38.4139
-118.32,34.1347
-86.538,28.2659
-84.3789,33.7314
-113.1598,46.7465
-81.9459,26.4765
null,null
-95.9909,36.0223
-122.121,37.672
-88.8008,42.5984
-119.8116,34.8718
-112.2215,33.6036
-73.0397,40.955
100.5124,-0.0813
-86.5909,38.4858
51.6046,25.268
-92.7156,44.9756
-94.7618,32.5087
-78.6774,35.6891
29.9602,35.8443
-80.1804,25.9061
-85.7901,35.5147
-119.3735,34.7984
-95.9814,29.26
-74.4923,39.6142
-121.9561,36.9593
-150.1139,61.4552
-111.7315,33.4608
-111.243,32.659
-91.5036,35.6021
-84.6159,34.5319
-111.5286,33.0414
-95.5161,29.9932
-115.3725,46.5077
54.9273,26.7884
-78.2483,42.8008
25.8291,44.5061
16.9766,47.9967
-80.9192,29.0505
-111.457,33.0497
-111.7295,33.4615
-111.7187,33.5706
-118.427,33.9463
-111.9019,33.1396
-87.5121,41.5208
-97.1801,32.7761
-88.4199,38.5797
null,null
-122.1714,38.0279
-111.6282,33.145
-97.9849,30.1913
7.5094,49.1215
108.0948,-6.4384
-85.8595,38.5158
-81.293,36.2457
-80.361,26.9319
-88.4578,39.9059
-118.3268,33.7956
-103.9763,39.6867
-86.9491,42.4381
-116.986,32.5711
-111.7284,33.4629
-86.9634,41.2633
-104.8932,38.9874
-111.582,33.6677
-93.3473,33.139
-80.9217,34.7906
-122.3062,47.4578
-118.3654,34.165
-72.5951,46.1174
-117.3844,33.1869
-118.6382,34.0996
-73.6744,41.235
113.9205,22.3008
-92.5952,37.2132
122.363,25.2102
-83.2414,31.1078
13.9917,46.6974
-2.6829,54.1472
-103.7819,38.2088
46.9969,24.4812
-98.4642,30.0722
-80.7274,35.6283
-122.2139,37.7113
-89.3433,43.1246
126.4018,37.527
-111.8371,33.2531
-76.8449,-5.1487
-111.7283,33.4772
-95.7597,29.4875
-82.2162,28.402
-121.6025,38.5404
-1.3192,52.8288
-87.7043,39.3755
-115.0145,33.8546
77.0982,28.5595
-107.7779,38.0507
-88.0523,41.1148
-80.2761,39.8496
-111.7267,33.46
25.6274,40.7066
8.2471,47.2683
21.7314,48.6294
-123.4562,49.2134
34.0115,52.9652
-85.4465,33.9159
-76.6567,39.2918
50.5752,26.9648
12.4237,42.1365
98.2253,14.1006
19.2575,53.2743
-121.8109,37.3228
-97.0259,32.9246
-121.487,38.5107
2.5558,49.0003
-0.6693,51.5083
-112.2841,33.913
75.3582,10.954
-113.8371,53.2588
-114.6883,36.2243
-78.5007,42.2993
-102.5256,39.2249
-65.9001,47.9732
8.718,45.6352
51.606,25.2674
-97.0883,32.6923
9.007,50.7332
23.4933,59.3424
13.8243,40.7693
-85.2246,41.9515
8.6798,50.687
-105.0852,40.0105
-119.041,39.8268
-77.1765,39.8108
-115.8036,33.7112
-74.2637,40.9291
-97.3394,32.846
-122.2629,47.7173
-119.0472,36.2803
-88.9377,42.6716
-94.5463,38.6427
14.9425,50.2422
-119.161,34.2657
-99.3858,27.9272
-93.6919,44.7155
8.5309,50.0373
-83.3813,42.6019
-85.3717,33.8844
-105.7658,35.8981
-96.8136,35.3394
-115.5138,47.5166
-117.026,33.7313
-84.6709,35.425
16.2837,43.531
-118.4987,37.353
-80.9368,29.0655
-110.6611,32.6564
-80.3368,26.0225
-118.8755,48.4139
-113.3937,33.6244
-88.5027,42.3221
-95.0954,33.9833
0.5963,47.0951
-104.8526,39.5483
-84.4199,39.2792
null,null
-59.1903,49.5244
-98.3511,29.7068
-90.4614,35.9698
-86.6034,35.5667
-96.3789,32.9294
-87.1001,34.5728
-86.2232,30.8261
-81.1232,44.1289
-90.4312,38.9082
-105.8771,41.3756
-111.8036,33.2733
-83.0362,30.8341
-92.7298,38.3592
51.6152,25.2627
-94.9621,42.9324
-115.5646,34.9181
-77.1127,38.7426
-72.9744,41.2811
-123.1203,45.3675
-149.6769,61.2326
-96.663,32.0816
13.2809,49.8689
10.871,47.4274
-82.4754,27.5444
-97.4502,30.8373
-122.3068,47.538
-96.5402,32.5395
-98.2875,29.5839
-88.119,44.3477
null,null
-96.7999,33.0073
-85.9092,30.3359
-88.5655,41.9897
12.8755,51.4619
-81.3301,38.8578
8.5618,50.0444
37.9412,55.8632
-87.9139,42.1362
-95.1378,43.0754
30.555,38.0417
-98.3084,30.7844
-73.1849,39.3008
-121.467,44.0721
-88.5589,41.7048
26.6187,43.9366
-79.0595,42.4096
-85.839,31.7587
54.5055,26.7968
-83.0669,40.5219
-104.7026,40.3889
-111.9519,40.5961
-96.0215,29.7607
113.9179,22.2983
-85.8454,41.6453
-97.6712,33.0847
13.34,36.3891
-123.167,45.4602
-121.2015,38.9434
-111.4576,34.0039
-87.104,38.7859
-118.3588,34.2001
-98.1692,33.6467
-114.5874,35.3236
-106.5641,35.2122
-91.1734,40.0135
-104.4847,39.2831
-105.536,36.2878
18.9265,40.2983
-121.4751,38.3204
-119.0077,39.0448
-120.907,36.7239
-77.5424,37.8673
-122.3109,47.5418
28.3861,43.002
-73.7222,41.5024
-104.4346,38.1181
11.0716,49.4952
-72.5826,41.6501
-81.9749,26.5632
-79.6972,35.9548
-76.2364,37.711
-97.6569,30.1626
-117.2026,32.7345
-86.4484,31.7564
-73.8734,40.4851
-90.7044,41.971
12.7857,45.7316
-94.2001,44.581
-117.7302,47.4697
-111.8065,33.2738
-80.5547,41.0105
-77.4629,38.7344
-103.8026,38.0081
-122.8721,38.6807
-75.4227,40.0464
-63.9955,47.5031
-90.8413,42.4323
-96.4633,32.7446
-77.5602,36.0491
-98.631,33.7922
-95.6618,29.9586
-73.9296,45.6846
-118.6469,34.2388
14.9951,50.4291