time,icao24,lat,lon
1578338240,aba1a0,43.00002276,-91.91829136
1578339680,a41632,43.00003052,-90.41786371
1578339730,ab4090,43.00003052,-90.41728885
1578337410,aa4e47,43.00012207,-83.17704312
1578339040,a535c6,43.00012207,-83.02495912
1578340330,a43e7f,43.00020897,-94.30964879
1578339660,abff50,43.00021362,-87.22895423
1578340770,a56c21,43.00030207,-83.02086966
1578338440,a42665,43.00030518,-81.18104447
1578338660,a3cc82,43.00034862,-89.15156773
1578339770,a0b6de,43.00035095,-91.13753208
1578339880,ac0941,43.00035095,-94.30772648
1578339250,ab99da,43.00039518,-87.66442435
1578337540,a3769f,43.00039673,-94.30529927
1578340360,abacd2,43.00039673,-93.99276379
1578340660,a98219,43.0004425,-79.92585648
1578338170,accee2,43.00053406,-92.99517964
1578338610,a7ea48,43.00053406,-90.21040096
1578337540,abefba,43.00057983,-90.59377271
1578337810,aac4bb,43.00062561,-90.59466695
1578340040,a2a213,43.00067139,-87.66406392
1578340190,c01e10,43.00076759,-80.78593663
1578337660,a10e21,43.00081415,-93.99117606
1578340710,a2b6ff,43.0008607,-88.21341378
1578338680,acd18c,43.00090027,-80.95435564
1578339920,a2db21,43.00090027,-87.86890784
1578339080,aca989,43.00099182,-89.99169638
1578339690,c08797,43.00100036,-80.78181676
1578337250,abec4d,43.0010376,-84.37710784
1578338790,a73689,43.0010376,-88.40615206
1578340350,acf0e0,43.00104691,-84.58962577
1578337230,a887fd,43.00108337,-84.45893044
1578338360,a9cb47,43.00118656,-84.84028408
1578339460,a23a74,43.00118656,-90.43749128
1578338980,ab6f7d,43.00123312,-87.93378557
1578338950,a8ec57,43.00126648,-85.43090111
1578339200,ace785,43.00140381,-92.75999557
1578339500,a9fc34,43.00140381,-88.69205209
1578337230,ad24e1,43.00144958,-93.40397325
1578337490,c05f10,43.00154114,-82.46159043
1578339100,a64163,43.00154114,-87.24658345
1578337440,a23047,43.00155898,-86.54166085
1578337550,a70f88,43.00158691,-94.29559042
1578339210,a66aa0,43.00160553,-90.05323138
1578339050,a935e0,43.00167847,-88.11578085
1578340040,a3ad5a,43.00177002,-87.24268714
1578338280,a4cce5,43.0018158,-93.17421847
1578337660,abc12a,43.00186157,-87.24211227
1578338140,a302a0,43.00188485,-99.18287005
1578339920,a98ac9,43.00188485,-89.50339181
1578338430,ac0e63,43.00190735,-92.53126277
1578338860,a5521c,43.00190735,-94.84893089
1578340080,c03330,43.00195313,-83.8733336
1578339820,aa9b65,43.00204468,-84.73984829
1578339130,a3e99c,43.00207106,-88.26749529
1578339270,ab013c,43.00207106,-99.12434169
1578337340,ac6f61,43.00209045,-94.28862816
1578340620,8.96E+08,43.00209045,-88.11552536
1578338430,abd19e,43.00218201,-87.65729328
1578340330,a16e3b,43.00218201,-88.27936217
1578340490,abe645,43.00218201,-99.47628287
1578338460,344346,43.00222778,-83.62313914
1578340660,aac8a4,43.00222778,-85.12481689
1578339360,a593a0,43.00235037,-93.12724522
1578338900,c02e94,43.00244348,-81.54889788
1578340190,ac09b1,43.00249003,-92.22669329
1578340150,a4790e,43.00253658,-92.646201
1578337860,ab97ff,43.00258313,-87.06122262
1578338320,a50193,43.00272279,-83.42278617
1578338560,ad3870,43.00281589,-88.55425153
1578340090,c08335,43.00281589,-79.77009365
1578338340,ab73f5,43.00286865,-86.2703971
1578338230,a37e0d,43.00295555,-84.14552961
1578340130,a9d5e4,43.00309753,-94.71466774
1578338520,a55411,43.00314176,-94.80749948
1578338970,a05470,43.00314331,-87.25463157
1578337820,a8d2a8,43.00318909,-88.11399238
1578339100,a6550d,43.00323486,-87.25211007
1578340470,aa31c2,43.00323486,-92.79091059
1578339030,a571b6,43.00337452,-89.18661935
1578338420,a40eb7,43.00341797,-88.00604532
1578339860,a9fdeb,43.00341797,-83.80569103
1578337530,86800a,43.00346375,-91.1330609
1578338590,a09939,43.00370039,-85.71036203
1578338470,ab3c61,43.00374694,-95.83027431
1578339480,a8d1f7,43.00384004,-92.01690674
1578340690,ab5dab,43.00388659,-84.59492275
1578338280,39bd23,43.00392151,-87.54404467
1578338160,ad504d,43.0039797,-91.13459996
1578338140,a0f6b9,43.00402625,-88.76397269
1578338430,a379cd,43.00402625,-91.13479614
1578337320,c009d4,43.0040728,-81.54765538
1578340030,acfc6b,43.00410461,-84.59613179
1578338580,a44e1c,43.00421246,-92.46146066
1578340730,a84e07,43.00430556,-80.77331543
1578338610,aa253b,43.00439867,-87.26930891
1578339360,a01f97,43.0045166,-93.19951257
1578339460,a19357,43.00453833,-93.76896449
1578337990,aa1219,43.00458488,-97.31944493
1578339110,a15027,43.00463143,-83.6756679
1578337460,a88848,43.00488281,-88.31730332
1578339990,c03be4,43.00492859,-80.58133147
1578340050,a5bb1f,43.0050504,-91.06567383
1578339050,a8b279,43.00509695,-85.68126134
1578337850,a99b5f,43.00523661,-91.13675799
1578338640,a3dfeb,43.00524902,-89.19378236
1578337480,c0824f,43.00537627,-80.49989973
1578339220,a33272,43.00537627,-97.3185294
1578340080,ab9271,43.00542282,-85.97233364
1578339060,a55ade,43.00543213,-88.27284702
1578339210,acc5aa,43.00556946,-90.21729935
1578339980,a21127,43.00560903,-91.13976615
1578338040,a82520,43.00570213,-86.79074969
1578337400,c042ef,43.00579524,-81.54072353
1578339950,a8fd2c,43.00588834,-88.97781372
1578338430,a8050d,43.00593567,-91.08145071
1578337600,a0b591,43.00598145,-84.17613438
1578337710,ab68d0,43.006028,-82.44663783
1578339730,ab9a32,43.00607455,-97.83665248
1578339320,c0861b,43.00616765,-79.84856742
1578339790,ab30e6,43.00658662,-85.83977836
1578339100,a19343,43.00686594,-96.85880389
1578340380,a491f1,43.00689697,-90.00996434
1578339600,a39d11,43.00691249,-88.21217128
1578340080,a44e24,43.0070987,-98.93260411
1578338680,aad213,43.00721741,-93.34699764
1578340780,c03711,43.00726318,-81.53765301
1578337960,3c6572,43.00735474,-80.56216927
1578338920,a33339,43.00756422,-80.56150164
1578337660,c03da9,43.00770388,-82.05381121
1578340240,a19df2,43.00772095,-82.43936228
1578337790,ab53f1,43.00784353,-92.96467372
1578337720,8004df,43.00789009,-87.11798532
1578339360,0d001e,43.00789009,-81.53503418
1578338920,a7a616,43.00802974,-90.65989903
1578340370,a7f096,43.00804138,-91.14621894
1578339970,485345,43.00821595,-85.85024152
1578338670,accd7e,43.00822449,-82.43840417
1578339360,a54f71,43.00830906,-92.55183629
1578340130,a564b3,43.00835561,-88.28920637
1578338720,ac65ab,43.00849527,-83.68174962
1578340400,a7e691,43.00849527,-92.69805908
1578340100,ad474c,43.0085907,-86.38064362
1578337480,a1bee0,43.00868148,-81.66615077
1578339690,c05cbb,43.00872803,-81.81033112
1578340670,a35701,43.00872803,-90.22358486
1578340200,a66cf7,43.00886768,-83.47163609
1578339870,a6f9fa,43.00895691,-89.29202058
1578339980,a1c7e4,43.00896079,-90.01118251
1578339300,aae1ea,43.00900269,-85.8291555
1578339000,aab001,43.00905389,-88.01186698
1578340670,acbe88,43.00914001,-92.90837488
1578338150,ad675d,43.009552,-84.15297397
1578339400,06a076,43.009552,-83.82217052
1578338030,a3dc5a,43.00961252,-90.0428336
1578338960,a6a300,43.00991821,-91.15324508
1578340560,a417c9,43.0103108,-93.76301357
1578339100,a449e5,43.0103302,-85.18556107
1578339250,a1ecff,43.01045046,-86.2802124
1578338690,a6cc41,43.01046753,-84.60903434
1578338230,a2dafc,43.01059012,-98.95359584
1578338740,aa8aae,43.01069641,-85.45791981
1578337580,a104e0,43.01074219,-84.61037569
1578340600,c0107a,43.01087952,-95.84114962
1578337430,c0712e,43.0112884,-98.78324236
1578337600,06a2b7,43.01170737,-88.1085859
1578339490,a15b4c,43.01175392,-83.68436541
1578338760,aabd7f,43.01198668,-85.42798723
1578339410,a540eb,43.01259186,-87.88408552
1578339430,a0f8f1,43.01287118,-82.73345947
1578339720,ac533c,43.01289368,-84.61235579
1578337720,ac4963,43.01310394,-92.47166225
1578337440,a17c12,43.01329015,-88.22662354
1578339080,ace9d8,43.01394653,-93.76102891
1578337880,abe2f6,43.01445007,-90.02082292
1578339330,a9a750,43.01463318,-93.39988531
1578337600,c0080a,43.01499939,-84.50185377
1578338590,abfa1e,43.01527405,-88.23484199
1578337540,aa25a6,43.01533845,-81.71670096
1578340360,06a123,43.01591492,-98.00021859
1578339960,a3a5d9,43.01600647,-92.47185995
1578339910,a5939c,43.01608328,-88.20537022
1578338520,ac8ad2,43.01609802,-92.30265773
1578337640,c00821,43.01618958,-81.5639691
1578338980,a59f15,43.01623535,-93.90634226
1578337210,aaf9c1,43.01628113,-87.3587462
1578339230,a83f56,43.01701355,-91.88300554
1578339660,06a128,43.0171051,-89.34644122
1578337290,a2abda,43.01724709,-92.97101702
1578339290,ac5bf6,43.01901607,-90.68736485
1578339570,a906f3,43.01902771,-87.99940242
1578337250,aa7833,43.01943504,-92.50919887
1578338720,a6cff8,43.02069195,-98.8986642
1578338770,a2ba48,43.02087816,-96.77738735
1578339420,a4809b,43.02222818,-84.90973336
1578338410,aba822,43.02328491,-89.38642635
1578340790,a55d45,43.02432303,-87.5630624
1578338000,a1d1c5,43.02813721,-83.69474189
1578340790,a1b1bc,43.0289317,-97.44245257
1578340300,ac64a6,43.02909851,-93.81730191
1578337210,aa1c48,43.02914429,-93.44197828
1578339440,a6f00d,43.03796283,-99.73349435
1578339110,a29908,43.04201288,-79.54912458
1578339310,ac7f41,43.04621887,-99.82267158
1578340790,a41172,43.06179758,-84.51017107
1578340790,aad375,43.06230965,-91.37106759
1578340790,a642cd,43.06755066,-90.48231258
1578337210,a0cb68,43.06864076,-93.24122838
1578340520,a28687,43.06910706,-88.27438
1578340790,a1057a,43.08462524,-80.27984619
1578337990,ae481f,43.09368586,-89.36050415
1578337240,a5414a,43.09387207,-89.56996373
1578340230,a3daa1,43.1000061,-89.52375545
1578338780,a60631,43.10119629,-89.52056175
1578337210,899123,43.10760498,-88.27828544
1578338670,a5ff57,43.11151537,-89.50940813
1578340570,a5d55a,43.11227417,-89.52631041
1578338760,c0560d,43.12157065,-80.33876692
1578337950,c08716,43.12171031,-80.3288269
1578338600,a92d0f,43.12701416,-84.75313408
1578337810,a19303,43.12779236,-89.36004639
1578339460,a2c125,43.12790176,-88.05718558
1578339440,a5f7e9,43.13288285,-89.3775722
1578338910,a7991a,43.13323975,-99.79162882
1578337890,a6863d,43.13529968,-89.34280041
1578340530,a69041,43.13872515,-89.32690757
1578339840,a62d8b,43.14852905,-88.11367301
1578340790,a2f0f9,43.14994812,-93.63506938
1578339680,a7b1bd,43.18725586,-79.53271048
1578340670,acb60e,43.18981934,-79.54044076
1578337980,a41f1a,43.1902771,-79.54242085
1578337210,ad88fe,43.19421387,-94.05459382
1578338760,a6c615,43.1987915,-88.08908152
1578339040,ab2c72,43.20205947,-99.80032785
1578337210,a6bf5a,43.20438708,-86.159232
1578340170,c080a2,43.21508789,-81.52219551
1578337330,c0785a,43.22364807,-81.42114684
1578340790,a6a1f8,43.22589111,-90.01954544
1578337650,a3c3e0,43.23033142,-79.54931925
1578337210,a3efa2,43.23599605,-79.68835013
1578338740,a86214,43.2360426,-88.09923444
1578340790,40621b,43.25005483,-93.66910662
1578339770,a15516,43.25674438,-79.53711931
1578337210,abbabe,43.26260376,-89.9312077
1578337210,a0395e,43.26997375,-89.59190901
1578340790,a654cb,43.29093933,-81.10720612
1578340700,a1f929,43.2921846,-94.31769235
1578337210,a2af3e,43.29255702,-88.18790981
1578340790,a7d276,43.30169678,-94.50931283
1578337210,aa6fa5,43.30405542,-89.63803973
1578337210,a33d62,43.30675545,-94.51799665
1578337980,c0248b,43.32897949,-83.64479242
1578340710,c058c3,43.33831787,-83.65735735
1578340630,a120f3,43.34953308,-79.5376303
1578337210,a02da2,43.38454424,-81.72984532
1578339310,a981c9,43.44045348,-79.53807286
1578339240,a01880,43.45251051,-99.63272095
1578340790,a50bea,43.45706177,-87.24536984
1578339880,c02e91,43.46186751,-79.55736433
1578340790,ac2554,43.46228027,-84.06834092
1578337260,a4ef3d,43.46810551,-94.87361363
1578339170,adb9da,43.4682312,-89.7398412
1578338000,a79563,43.47917175,-99.81558157
1578340790,ac2931,43.48027039,-97.51713952
1578337210,a7a5e9,43.48704529,-88.81743675
1578337210,a339b4,43.49054369,-80.42646136
1578337210,a3c990,43.49061584,-93.53593693
1578339180,c040c5,43.49431442,-79.54166957
1578337210,a86925,43.49822481,-89.92734637
1578340150,ae4849,43.49985414,-89.7618321
1578337960,8960ef,43.49990845,-79.59626664
1578339050,a5f894,43.50204209,-99.81687273
1578338310,c04814,43.50865251,-79.54964774
1578338460,a4204e,43.50897837,-79.56907
1578340770,c0809f,43.5137267,-79.54690116
1578337590,c04669,43.51973194,-79.54820905
1578340790,a34119,43.52192688,-89.11719744
1578340790,a175c3,43.53085793,-89.90916661
1578340790,c05faf,43.54060364,-81.67619572
1578337490,c0225d,43.54696655,-79.61645082
1578338370,ab472a,43.54733742,-79.53774588
1578339430,c00318,43.55562372,-79.54317365
1578338580,c00bf1,43.55950928,-79.54542293
1578339210,c07f37,43.56586521,-79.53846523
1578339770,c0440e,43.57557678,-99.61144026
1578338760,a8a6c0,43.57749939,-79.5314984
1578338570,c019eb,43.57843431,-79.53146798
1578339130,ad83fb,43.57876018,-79.53218733
1578340790,aae377,43.57917915,-89.83507429
1578338420,c00b80,43.57950502,-79.53159877
1578339790,ab6384,43.57978821,-79.53264813
1578338990,c00f60,43.58006287,-79.53220101
1578340320,c04051,43.58267057,-79.53310285
1578339290,c05857,43.58281022,-79.53467233
1578338860,c04168,43.58285522,-79.53373399
1578340550,c05e72,43.58399963,-79.53373399
1578339930,a9653d,43.58473206,-79.5344366
1578337840,c06e87,43.58532404,-79.5324489
1578338670,c00b7e,43.58743286,-79.53309525
1578337210,a403b3,43.59132928,-98.68286133
1578337230,c0192e,43.59796143,-79.80462363
1578340520,c05bd5,43.6051553,-79.78945051
1578338680,c05bd6,43.61046225,-79.78598458
1578337390,c0174f,43.61576843,-79.78590854
1578340080,c038ca,43.61646749,-79.77048601
1578338870,a3ac7a,43.62214687,-99.66018677
1578338860,c046f7,43.62703485,-79.7581264
1578340790,c01970,43.62796589,-79.66009957
1578339490,c01f4d,43.62899004,-79.75766863
1578340790,a431d9,43.62973022,-89.82766795
1578338040,c07eef,43.63201594,-79.75335257
1578339760,c04049,43.63420389,-79.74524362
1578337730,a37a04,43.65836451,-93.40831212
1578340790,aa33e7,43.65930176,-95.36030614
1578339850,a3b85b,43.66598511,-92.9181476
1578338300,c08811,43.6681366,-79.68958655
1578340410,a742c2,43.67028809,-99.36501436
1578337850,c05853,43.67940612,-79.596732
1578338500,c058ae,43.67954577,-79.59653582
1578338650,c01a59,43.67963888,-79.59640503
1578338870,c00b8a,43.67967224,-79.59633051
1578338140,c05eb6,43.67991819,-79.59601266
1578337610,c035bf,43.68095398,-79.59454204
1578339540,c058c0,43.68126821,-79.59405082
1578340620,c05186,43.68126821,-79.59398542
1578338010,c0509f,43.68178028,-79.59326608
1578338350,c07fb9,43.68256003,-79.65076447
1578340740,c00bec,43.68273926,-79.59185933
1578340660,c044d1,43.68294409,-79.65630668
1578340250,a6c0b8,43.68315125,-79.59122059
1578337490,c06151,43.68319702,-79.59115672
1578340700,c0099d,43.68649292,-79.64615223
1578340150,c0225e,43.68667603,-79.64589673
1578337720,c0223c,43.68722534,-79.64506637
1578340280,407799,43.68997348,-79.64113508
1578338150,c00bfb,43.6947218,-79.63407244
1578338450,c055eb,43.69486146,-79.63394165
1578339860,c02fb8,43.69519043,-79.63350518
1578338060,c01d39,43.69528198,-79.63337743
1578337570,0c4141,43.69532776,-79.63337743
1578337830,c07b42,43.69593216,-79.63243757
1578337780,a35fa6,43.72741699,-89.20476869
1578340070,aad2f1,43.73918152,-87.82770911
1578338290,acbc9d,43.76600647,-87.86143458
1578339250,7811a5,43.76934504,-79.55023629
1578340790,ad9ac9,43.77148644,-92.82466343
1578340120,ac0c90,43.78175354,-87.78804335
1578339780,c076f7,43.78326416,-79.53494759
1578340790,a80ef4,43.78442797,-87.49328613
1578340790,a3de64,43.79411316,-93.27590588
1578337210,a41e90,43.80271912,-81.56818479
1578338180,c07720,43.82931519,-79.70446919
1578337210,acc3f7,43.84693909,-82.43201677
1578337210,a081c4,43.85865784,-86.52436012
1578340790,a697db,43.88404976,-95.25264195
1578340790,c05da4,43.90072632,-79.89085353
1578340750,a2e1ab,43.91400146,-92.62247485
1578340790,ad79eb,43.92933655,-94.01818564
1578337210,a4d234,43.9309845,-88.28651606
1578340790,a87f51,43.95629883,-91.56574338
1578337210,a033ae,43.95822144,-82.10306567
1578340790,ace1af,43.96486444,-81.45806449
1578339420,ac5eaa,43.96546962,-96.1856951
1578339580,a2f570,43.9671936,-91.62406034
1578339550,a8bf0f,43.9712677,-88.54571675
1578339620,ab884f,43.97133636,-88.54857511
1578337610,a52c31,43.97142831,-92.58911133
1578337470,ab5797,43.9912262,-88.52265824
1578340790,a0acf8,44.02592468,-91.45064243
1578337210,ada526,44.04455566,-89.88930636
1578340790,a4dad4,44.05834133,-96.65339879
1578340790,c083aa,44.05834133,-84.41090175
1578339320,a565bb,44.07243347,-93.54973372
1578337210,aca306,44.08804321,-96.11408322
1578340790,ac48c8,44.11116028,-87.48093716
1578340680,aaa22a,44.11681094,-87.7797154
1578337210,acb4c1,44.15675276,-92.97840663
1578337210,ad9293,44.16285111,-90.10979789
1578337210,71be36,44.17281329,-89.34036255
1578339140,a487cd,44.18617378,-88.45439366
1578337210,a69f49,44.19450663,-86.14013672
1578340790,ab7ba5,44.21945863,-93.52915694
1578337210,a5f624,44.24395752,-88.92680577
1578340790,a6a6b7,44.24622617,-83.61962295
1578340370,a08f0d,44.25781767,-88.51986024
1578339570,ac5f13,44.26480051,-88.51537193
1578340790,a8b46e,44.29325867,-92.95192174
1578340790,a73220,44.29459394,-85.61779487
1578337210,a2355d,44.29478015,-93.40582871
1578340790,aa1635,44.32825121,-92.418198
1578337210,ab39e3,44.37533569,-90.52113124
1578340790,a3c5fd,44.40499878,-82.07741874
1578337210,aa2abc,44.41552734,-95.29318673
1578340670,a99b83,44.42233328,-98.09685684
1578339250,acb892,44.4363455,-97.1311318
1578337210,acc330,44.47759079,-86.65238543
1578338880,a2ecd0,44.48434086,-93.99239145
1578340790,89644f,44.49067197,-84.88171089
1578340790,ab2140,44.49623108,-91.88794817
1578339550,a57b2f,44.50556946,-95.24610247
1578340760,a3f72a,44.50892044,-94.20521806
1578337820,a5e6bf,44.51261902,-88.05685861
1578337210,aaf253,44.51417542,-93.20591518
1578337210,a6f99b,44.51469292,-95.64837944
1578337650,acd333,44.51697398,-93.60941073
1578337270,a544cd,44.53555298,-93.73894828
1578340790,a76381,44.55240023,-89.3974267
1578338660,a12fcf,44.55638123,-88.19281442
1578337210,a438c3,44.59839384,-87.32677181
1578338110,ac1099,44.61616516,-88.00284249
1578337210,c060b9,44.61966822,-80.42997035
1578337880,accc59,44.62252808,-93.35259574
1578340790,a46463,44.6550293,-89.56427438
1578337210,abe1c2,44.66757202,-94.26851545
1578337210,a14616,44.67105103,-93.91172137
1578340000,a9fda2,44.68423617,-93.89639506
1578340240,a40d51,44.69782942,-93.7311312
1578340790,a712bb,44.73532104,-92.50435965
1578337780,ab4c83,44.73664856,-92.86828177
1578337510,ac3558,44.7399592,-92.83587944
1578340790,a7e58e,44.74479675,-88.08916364
1578337210,a0fa70,44.75015414,-91.66114621
1578340790,86e452,44.769104,-92.91654314
1578339770,a1ebf7,44.77111816,-93.78740583
1578339610,a992a4,44.78800111,-89.62398622
1578337210,c058d5,44.78800964,-79.6459743
1578340790,a98047,44.79247012,-93.8862126
1578339900,a35744,44.79277039,-93.42812674
1578337720,adc238,44.79876709,-97.07166399
1578338600,ab616f,44.80275817,-92.82489311
1578337640,a3d4c6,44.8049469,-92.86586217
1578337560,a443e8,44.8057251,-92.90562221
1578339490,acb2c2,44.80992721,-92.90233333
1578339440,acbea2,44.81066895,-92.97997611
1578340040,ac4f84,44.81123068,-93.00027243
1578340580,ac3079,44.81510925,-93.01293509
1578337810,acc9c7,44.81760833,-92.91861185
1578340420,a9b411,44.83176021,-93.47603402
1578338600,a1d7f7,44.83478611,-93.41239371
1578338930,a95675,44.83883615,-93.41949463
1578337310,a43b91,44.84530691,-93.13599377
1578340790,abb3be,44.85548401,-90.17610822
1578340790,aab663,44.86234503,-93.45747785
1578339610,ad0ba2,44.89315796,-93.24384417
1578339830,a4f37d,44.89437297,-90.09706823
1578337340,ad1da9,44.89623506,-93.22696593
1578340630,ad7639,44.89654541,-93.22841099
1578340500,ad4171,44.89926096,-93.23547363
1578338130,a2e9a3,44.900192,-93.2350047
1578337710,a6c88a,44.90148926,-93.26136998
1578338480,a82dfb,44.91331973,-93.26387731
1578338170,a280a4,44.91867324,-92.56289598
1578340790,aaf60a,44.96287537,-93.10684204
1578340790,a65e8c,44.99235535,-93.69134086
1578337210,aadb37,45.03435555,-90.24223514
1578340630,a6956b,45.03497314,-93.34657942
1578338150,a531a4,45.0488333,-93.33823599
1578337730,a33582,45.0489264,-93.3283215
1578338280,a23e63,45.05259705,-93.33781651
1578339430,a23e5b,45.05397034,-93.32696097
1578337210,a2845b,45.08598198,-93.51482112
1578340590,a96756,45.09287171,-93.38646865
1578338000,a65b27,45.10519409,-93.40373448
1578340790,a86e6c,45.14753723,-95.65102713
1578340640,a1f346,45.15934831,-93.24063185
1578338400,a31eb0,45.16690063,-92.97572545
1578339450,a10b97,45.1673584,-93.2245527
1578337210,aca309,45.17145189,-93.23540664
1578339050,ab7abc,45.17834473,-93.22416033
1578337210,a224f9,45.18127441,-95.06436232
1578340790,a837d5,45.19633484,-93.39981079
1578337210,ac3f55,45.20180395,-93.70212462
1578340790,ad4b35,45.2033844,-93.32009452
1578340000,ab0209,45.20469019,-93.21611358
1578337210,c03f85,45.20613331,-88.00819211
1578337320,a5169d,45.21069543,-93.2166495
1578339620,ad25f0,45.23355258,-93.2954965
1578338390,a7103c,45.24380493,-91.54998779
1578337210,a35012,45.31732178,-94.82875279
1578340790,c040e8,45.31983948,-87.97308786
1578338650,c027dc,45.32358461,-79.55032721
1578340790,c0193b,45.35298157,-90.6678772
1578340790,a1e2c4,45.3743731,-96.06150557
1578340790,a569fa,45.48754159,-93.55749363
1578340790,c079ce,45.49233647,-81.90260724
1578340450,a0a2e6,45.54107666,-94.04754639
1578337210,a9b2bf,45.54154218,-94.21814709
1578339760,a506d5,45.68678284,-96.83838635
1578337210,a3bdbd,45.78212415,-94.32826996
1578340790,a95d6b,45.88072179,-92.57979584
1578340790,4952a2,45.99234009,-91.46439715
1578340790,a33ac2,45.99865723,-92.42442806
1578340760,740828,46.07093423,-80.63140869
1578339180,a86b67,46.1341095,-94.08885677
1578340790,c06357,46.58240367,-80.26405334
1578337210,a64924,46.60171509,-94.10734595
1578339570,c00cd6,46.74361407,-79.54856873
1578337210,c0480f,46.76982298,-79.53696442
1578339800,abd656,46.77056781,-96.95262909
1578337690,a3a9a2,46.81947327,-97.05978766
1578339150,a198bc,46.83485645,-96.78975677
1578339260,a2ca5d,46.87568665,-96.99382782
1578339190,a27b58,46.87985229,-93.35165405
1578340610,ac9fbe,46.88206042,-96.97864239
1578337390,a9a399,47.60687877,-96.95603591
1578340640,c038c8,47.67242432,-97.00282288
1578340090,a361aa,48.12062073,-97.27068329
1578337210,ab3856,48.12924143,-97.56035438
1578340650,c05eac,48.15541077,-95.13803101
1578337210,aaee9c,48.16555217,-100.2777822
1578340740,ab4151,48.40659966,-95.90695833
1578337800,a13ef3,48.46371925,-97.18527543
1578337810,aa2643,48.50784302,-99.83072134
1578340110,a8666b,48.5469081,-97.36373098
1578337590,c062b4,48.74240112,-96.86222957
1578338150,a128e2,48.94093323,-100.6134972
1578340240,c07eee,49.20683263,-96.5611508
1578338810,c04067,49.46086819,-95.96617003
1578340630,a6192b,49.50351004,-96.49492418
1578338540,c056c6,49.57911087,-95.93989192
1578337390,c01cb7,49.60610962,-96.2844688
1578338710,c07e62,49.79722595,-97.83130043
1578340790,c01b4f,49.80047607,-98.36991963
1578340190,c05354,49.80623924,-97.38474253
1578340380,a2e014,49.87834167,-104.3893433
1578337460,c00d46,49.93405151,-98.52633025
1578339590,c00f79,49.96224976,-97.0957224
1578337930,c02ed9,50.10291665,-103.9374934
1578337460,c0809d,50.10422012,-95.98071949
1578338110,c05efd,50.11280823,-97.2871158
1578337240,c008c6,50.15905865,-97.30353278
1578338230,c009d5,50.19296265,-96.65034244
1578340470,c00856,50.23465949,-97.3505216
1578340790,c01254,50.25314072,-97.82375026
1578340060,c06a76,50.42007705,-104.5427065
1578337210,c0203f,50.4825036,-99.83729182
1578340520,c027d1,50.51660156,-104.3128004
1578340110,c05097,50.56036377,-104.0117605
1578338110,c0224f,50.58375472,-97.2385056
1578340100,c07fb1,50.64610291,-103.7442579
1578337930,a9cb18,51.28610229,-104.5589633
1578337930,c01f52,51.31869507,-97.47931403
1578337220,867fac,51.51773226,-97.79136658
1578340250,c0466c,51.91012573,-102.1874237
1578340400,3c670e,52.27197162,-99.19092669
1578338630,a35e6f,37.03408813,-85.01705738
1578337850,ab1d96,37.03412072,-91.25996465
1578339790,ab5e6c,37.03417969,-95.2011498
1578339200,abef54,37.03422546,-92.59031905
1578339660,a9ddb0,37.03440857,-97.22012134
1578338210,aae958,37.03444659,-93.65999968
1578340550,acbd69,37.0345459,-85.37393773
1578338840,c058cd,37.03459167,-80.31000016
1578340790,c071c3,37.0347259,-80.31005859
1578339390,a52e54,37.03486556,-94.66489046
1578339510,adeddd,37.03491211,-95.51501984
1578337330,a2fb32,37.03500366,-81.00587885
1578339430,a712e4,37.03500521,-89.02747113
1578338250,ad0562,37.03504944,-81.1739463
1578338600,a29391,37.03505177,-92.85429581
1578338680,a63a40,37.03514099,-80.02540751
1578340310,a25b3f,37.03519142,-94.66793558
1578338490,ac9ab2,37.03527832,-92.8533481
1578338780,ac7797,37.03527832,-93.29180778
1578340550,ad6884,37.03528453,-85.83104673
1578340640,c07782,37.03536987,-80.71596836
1578337930,a30961,37.03542418,-80.29268348
1578339270,a6af55,37.03547074,-80.04166976
1578338880,a175ce,37.03561039,-80.93233855
1578338110,ad694c,37.0357035,-94.48319808
1578339130,ab6851,37.03573608,-80.29200128
1578339990,a336dc,37.03582764,-87.21782928
1578337590,a58a29,37.03584315,-95.56117182
1578337940,a39ac7,37.03593626,-81.97389022
1578337860,a92b2b,37.03598281,-81.56739608
1578338050,a73690,37.03598281,-80.29148931
1578339720,a352c9,37.03605652,-82.69683838
1578339090,a9aebe,37.03610229,-94.18807009
1578339500,ad6ecb,37.03616902,-80.29113106
1578339900,ac2bd6,37.03623962,-89.27034419
1578339390,a1c2e3,37.03637695,-87.02106882
1578337620,ac9e6f,37.03644833,-82.55873307
1578338420,a54312,37.03656006,-81.00319071
1578339310,a21b74,37.03674316,-81.65208532
1578339620,a9a419,37.0367742,-85.29283606
1578340420,a2ba4f,37.03678894,-80.71181926
1578337460,a097e9,37.03692627,-85.88223072
1578337550,ad7a34,37.03710006,-80.29160873
1578337980,ab6380,37.03710938,-90.02360892
1578337590,a34ae0,37.03720093,-80.29007283
1578339530,a3813b,37.03723972,-80.066389
1578338340,a3b796,37.03729248,-80.29007283
1578339400,a1a2e0,37.03733283,-80.74670543
1578340550,abbc75,37.03733283,-94.35697473
1578337640,ad526c,37.03733826,-80.03452382
1578339260,49d283,37.03733826,-80.31876584
1578339840,ac897d,37.03737938,-80.23207955
1578340400,c01735,37.03747248,-91.52763698
1578340330,a7506a,37.03751903,-95.90282274
1578337760,a23675,37.03752136,-94.1358266
1578339330,ab8d76,37.03752136,-88.27643212
1578340380,a0f70c,37.03756559,-89.95629352
1578340680,a4478d,37.03761214,-83.11766251
1578337980,a894a8,37.03779602,-82.34282149
1578337300,a3a155,37.03779835,-89.60885089
1578338910,aa9723,37.037938,-86.86794115
1578337440,a37a02,37.03797913,-98.23986297
1578340550,ac76f2,37.03797913,-94.49492759
1578339600,a0e639,37.03798456,-87.70254384
1578337610,a8bbff,37.03821732,-80.30999889
1578337840,a0dcf0,37.03826387,-90.96422942
1578340010,a1073f,37.03829956,-85.50665023
1578337680,a3f436,37.03834534,-80.30970797
1578339970,a26b51,37.03835697,-87.71173892
1578338800,aad762,37.03857422,-80.99851568
1578340730,c00ba7,37.03862,-87.16359889
1578338580,acc5f9,37.03872939,-87.89307304
1578339760,a4ad34,37.03875732,-92.7194084
1578339930,a2c336,37.0388225,-80.99789827
1578338510,a441c9,37.03889465,-83.6960683
1578337490,a2e28f,37.03894043,-89.13506041
1578340640,a34d63,37.03896215,-93.52201379
1578338790,a9bfc9,37.03914836,-82.33960359
1578339410,a7c678,37.03916931,-96.12178072
1578338640,abf32b,37.03924147,-79.88350246
1578339140,a3beee,37.03930664,-95.14224438
1578340350,a80329,37.03933457,-88.45755536
1578337790,ab40f0,37.03935242,-82.83580374
1578339340,abe496,37.03939819,-93.64342872
1578338230,a72f91,37.03952078,-85.05406255
1578337370,adba2f,37.0395813,-85.17542413
1578339390,a3475e,37.03961389,-80.71105957
1578339300,a59026,37.03962708,-93.19772274
1578338710,a83cf8,37.03967285,-80.67751621
1578338250,a416be,37.03970699,-91.78868169
1578338720,a491af,37.03970699,-88.83324001
1578340380,a423b7,37.0397644,-80.03791322
1578339770,a1dc60,37.03985596,-96.19319185
1578338220,c02205,37.03993975,-80.30970034
1578338270,a4b9c7,37.0399863,-96.50689167
1578339410,a97626,37.04003286,-90.48972752
1578337620,a05ddc,37.04008484,-80.99565222
1578337770,acc267,37.04017251,-96.43625674
1578340420,a5ce40,37.04017639,-93.65406442
1578340120,a3d7e2,37.04022217,-90.53196035
1578339480,aba30b,37.04035872,-83.38837997
1578339390,a80287,37.04045183,-88.73854264
1578338120,ac5310,37.04059148,-80.99521139
1578338790,a7df23,37.04059148,-93.86247054
1578338310,ad5d5f,37.04067993,-86.48501782
1578337510,a042db,37.04090881,-80.99401596
1578340050,aba5db,37.04109192,-89.22552231
1578340730,abbb77,37.04109192,-80.99343158
1578339040,89631d,37.04110356,-90.52907529
1578337830,39644e,37.04115011,-90.03230219
1578339470,a2adf4,37.04115011,-88.05894271
1578339160,a5106e,37.04124321,-87.89713321
1578339380,a9db78,37.04124321,-92.01587179
1578338510,acb4b3,37.04133632,-80.27865203
1578338550,ac85c6,37.04136658,-80.28592373
1578340020,a7827c,37.04141235,-96.75518929
1578340260,a40694,37.04168701,-80.28376153
1578340080,a09852,37.04182434,-83.36606939
1578337500,a85422,37.04187012,-94.82574463
1578338080,a0a1b7,37.04189495,-88.33509362
1578338680,a8a337,37.04191589,-80.62106518
1578338050,a2090d,37.0419415,-88.18086707
1578337400,a04424,37.04196167,-87.92457743
1578338540,a07f8a,37.0420346,-88.42823858
1578339290,abaa43,37.04217426,-80.99144977
1578338520,a81080,37.0422821,-93.63711743
1578338290,a24782,37.04245357,-93.64662502
1578339350,a89ff5,37.04259323,-88.69382112
1578338400,a92abb,37.04273289,-79.550151
1578338010,ab0158,37.04278564,-85.95738188
1578339690,a8dce0,37.04278564,-97.97958049
1578339450,a912f0,37.04282599,-96.80364194
1578339580,a445f2,37.04283142,-95.91286517
1578340120,a4d86a,37.04292297,-81.53970921
1578340000,c02251,37.0430122,-90.31854381
1578337810,acf841,37.0431053,-93.05557251
1578338460,0d002f,37.04310608,-93.12525972
1578339310,a3bd81,37.04310608,-82.81137669
1578338530,aa75c6,37.04347229,-90.3936378
1578338330,c07465,37.0436554,-81.31945671
1578340200,a61f5b,37.04389669,-81.32223378
1578339370,ac74f9,37.04393005,-87.01095906
1578339850,ab778a,37.04393005,-85.06357396
1578338180,ac7333,37.04402161,-82.21811497
1578338170,ab6ba6,37.04412945,-95.91798865
1578337310,a9b7f6,37.04422256,-87.5987111
1578337220,acdd1b,37.04434204,-89.06826587
1578340090,a43ee5,37.04464153,-89.5010774
1578340640,ab2496,37.04464153,-95.18274058
1578338800,c050b9,37.04470825,-80.30918203
1578340050,ab313c,37.04473463,-88.73406452
1578340510,a085a4,37.04482774,-90.72348553
1578338580,ac893a,37.04484558,-92.42289442
1578338480,3c4b27,37.04516602,-90.65666686
1578340440,3c656f,37.04571533,-82.33686082
1578338210,a6a739,37.04580533,-90.79023942
1578340700,ac60ef,37.04580533,-89.06580386
1578339460,a091f3,37.04580688,-87.81196757
1578337290,a7cfe3,37.04589844,-82.06160172
1578339720,abb59e,37.04594421,-85.89736614
1578337670,a9c737,37.04594499,-90.51796955
1578337930,a32acf,37.04608465,-87.90405937
1578339110,ab3ee2,37.04617775,-88.71298749
1578337980,aa97b8,37.04626465,-82.33732832
1578339270,a4fddb,37.04658508,-82.11947177
1578340550,a66935,37.04663086,-88.43228604
1578337910,a97c9a,37.04667664,-87.9041826
1578337710,abc0c1,37.04682948,-83.53985994
1578340110,a537ed,37.04685974,-82.16148863
1578338300,abbdfa,37.04715535,-87.3873437
1578338640,485122,37.0473175,-87.47630018
1578339850,c02e92,37.04752777,-82.55485203
1578339170,a13723,37.04759216,-81.08173127
1578340140,ab5d2c,37.04762087,-82.33548372
1578337860,a214de,37.04763794,-95.90263854
1578340760,485123,37.04766742,-88.31067293
1578337960,a03377,37.04776053,-89.79920097
1578337250,a33e5e,37.04777527,-96.43974142
1578338960,c0405a,37.04799329,-80.10651298
1578340170,a1acce,37.04800415,-81.8961805
1578338610,a5ca4b,37.04808639,-88.77221812
1578340110,ab8c19,37.04808639,-82.33542401
1578338800,3c6570,37.0480957,-93.63694211
1578337390,ad8f20,37.04813294,-87.64701512
1578338260,a6d2d9,37.04827881,-84.90959005
1578338640,3c656d,37.04850536,-93.63683286
1578339810,a99a52,37.04855192,-89.57881762
1578340370,a59f53,37.04864502,-92.62526492
1578340470,a5d468,37.04864502,-94.05512384
1578337290,ac7049,37.04869157,-94.86115165
1578340130,a32b04,37.04878235,-79.70703774
1578337740,ac7ad7,37.04892433,-97.08827143
1578339480,a85f30,37.04920365,-81.75667141
1578338890,a3c9c5,37.0492502,-92.4307251
1578338710,a668df,37.04938986,-94.45937447
1578338900,ac8d6a,37.04943641,-93.64626677
1578339760,ac04be,37.04951477,-96.45961031
1578340260,acc7ae,37.04962262,-87.84972481
1578339710,a5d965,37.04969788,-94.78594841
1578337790,c041bc,37.04985538,-80.71141782
1578338230,a94ae5,37.04988098,-96.13633176
1578338330,a8bcdd,37.04990193,-90.51701421
1578340190,ac769b,37.05018124,-89.38840783
1578338780,acffbc,37.0503209,-86.94311391
1578339560,ace74e,37.05056763,-95.78769116
1578339990,ac8efa,37.05056763,-88.68877005
1578340770,a52f51,37.05060021,-80.71183578
1578338010,a4b0eb,37.05083297,-82.17707758
1578338320,ac7e80,37.05101918,-88.57446422
1578338890,aa9a57,37.05130005,-95.50613728
1578338090,ab415e,37.05167091,-87.22828077
1578337480,0d09f8,37.05171204,-91.94481383
1578340410,a41e94,37.05199678,-82.13958077
1578339830,a0d344,37.05213644,-88.96262791
1578338740,0d0ad1,37.05267334,-83.31411808
1578338120,c08095,37.05290222,-80.30742889
1578337610,abb222,37.05331421,-83.72400162
1578339290,a34201,37.053533,-80.30713289
1578339390,a7eff7,37.053533,-82.24198051
1578338240,a21ba0,37.05358887,-85.59588493
1578339870,ab0e8b,37.05368042,-80.43762856
1578337300,a04bbe,37.05404508,-81.31256104
1578337580,ad5c7e,37.05423129,-86.95583178
1578337470,a2b56f,37.05427551,-81.75703982
1578340030,abb5a1,37.05446405,-91.24002208
1578338320,a8795a,37.05474336,-82.82377824
1578340330,a4ac50,37.05511578,-82.91286303
1578337210,ac7103,37.05523682,-92.10627779
1578340640,a013ee,37.05592346,-85.59378117
1578339590,a5042e,37.05618648,-83.149905
1578339310,ab5993,37.05812073,-96.82642511
1578339300,a335f4,37.05839539,-86.82156177
1578339620,abdc76,37.05899048,-85.4606596
1578339290,acbe7a,37.06045532,-84.98415683
1578338380,a37a64,37.06130723,-98.08826612
1578340040,a88df0,37.0614624,-86.00313877
1578340160,abb271,37.06233138,-83.69307145
1578339100,abbd73,37.06363484,-83.68871274
1578339040,a89f81,37.06425476,-94.033794
1578339500,a91de9,37.06498718,-85.29276746
1578340790,c080ae,37.06540383,-96.95965974
1578340640,a6751e,37.06586935,-84.69629039
1578339430,ac9703,37.06604004,-86.91979591
1578338000,a14700,37.06681824,-85.80000857
1578340230,a41e29,37.06833662,-84.69933551
1578337340,acd964,37.07094354,-86.48927108
1578337270,adb2a4,37.07510376,-87.5888516
1578339620,a22a05,37.07876587,-85.21434378
1578339170,a7a257,37.08027649,-82.27368943
1578339490,a6d857,37.08071951,-82.27446183
1578339990,a471ec,37.08183289,-83.19280097
1578337210,a482fc,37.08388506,-93.06602146
1578338050,ab84c9,37.08952332,-82.28561077
1578338270,ae123b,37.09158325,-85.94551898
1578340790,a58fe9,37.09179894,-90.78122346
1578340550,abebe0,37.09314896,-85.14171434
1578339530,ac57f9,37.09414673,-84.76115775
1578337670,ac9f4f,37.09446716,-84.76092399
1578340520,ac608e,37.10404218,-84.76053653
1578338310,a5427b,37.10998535,-80.51920789
1578338820,a0acf9,37.11093191,-84.76029769
1578339030,ab5a1d,37.11288711,-84.76328311
1578339210,a445ef,37.11470032,-84.76121618
1578338710,a264a4,37.1199646,-96.09413959
1578337500,acfa52,37.12106323,-83.4852243
1578337340,a0174b,37.12475793,-87.94776585
1578337330,a54bbb,37.12852866,-84.22901319
1578339140,ac390f,37.12983212,-85.82734481
1578338330,abbbae,37.13597702,-84.75982003
1578340790,ad77fe,37.13790894,-79.91291452
1578338920,a7e276,37.1441803,-96.12154697
1578340760,a94b08,37.14619446,-84.11366564
1578339140,abf025,37.16083591,-96.44401882
1578338580,aa11dc,37.16372681,-94.99042267
1578340790,4008fa,37.16404802,-80.11911143
1578339860,a585e4,37.16693426,-85.3304523
1578337280,a4fb3b,37.16749288,-83.33225416
1578337590,a15666,37.16888945,-83.32717896
1578340680,a8352b,37.17155457,-84.75841116
1578340670,a32ebb,37.1730326,-83.93853229
1578339210,a3f3e5,37.17354467,-86.21282163
1578339910,a4efe4,37.17847921,-85.54068524
1578337820,ac0a22,37.17993164,-85.54171298
1578339520,ac2bfd,37.18235779,-83.95413013
1578337210,a61219,37.19187927,-83.66118086
1578337330,a7677a,37.19542423,-93.46391761
1578339790,ac9723,37.1960907,-85.3344337
1578340770,a169d5,37.20547951,-80.30480426
1578338340,ac90a0,37.20657349,-93.34048657
1578339730,a67420,37.20726013,-80.31788927
1578338190,ab6101,37.20863342,-98.25090774
1578340270,a6514e,37.20991516,-79.77523479
1578340500,ab14d9,37.21174622,-83.16930893
1578337210,a3ed7c,37.21224976,-82.08978531
1578340790,a3fc58,37.21440125,-80.63579154
1578340780,a613e0,37.21572876,-95.44132963
1578338710,ad959a,37.21604687,-93.40002972
1578340320,a866e7,37.21815491,-93.38256187
1578339320,a24c99,37.22067261,-97.91062375
1578337730,a4dba3,37.22776794,-83.28770414
1578340650,adcb9e,37.23247981,-93.39835789
1578340790,a6d27b,37.23266602,-92.91943757
1578340790,a05a26,37.24763489,-89.38213592
1578337750,a08fb3,37.24777222,-80.16513256
1578340790,a7e279,37.24872654,-92.33686364
1578339590,a08fc3,37.25006104,-79.945406
1578337790,a3eea9,37.25473178,-80.12167889
1578340400,abfe1c,37.25924734,-87.18397721
1578337210,abe42c,37.26205444,-84.76150837
1578340080,acdc3a,37.26813882,-83.01675548
1578338680,a238a6,37.27615356,-84.31761397
1578339110,a7e152,37.28439331,-86.3857318
1578339470,a2c56d,37.2854097,-86.62773464
1578340760,a49632,37.29485981,-79.9678703
1578339660,a88cbf,37.30169678,-79.53523027
1578337480,aa7981,37.30462646,-80.0771835
1578337210,ab7627,37.30526733,-93.68754935
1578339310,ac03ef,37.31706522,-95.66464631
1578337620,abb1de,37.31840515,-85.36540579
1578339370,ac9850,37.32064819,-89.08077159
1578340790,acd0cf,37.32092285,-82.5666387
1578339200,a526ea,37.33047227,-79.98231971
1578339670,a39a13,37.33363782,-84.89464138
1578337210,a2f942,37.34006203,-80.0541488
1578339440,ac857b,37.3401947,-81.69842659
1578338300,a4da2b,37.34033203,-83.55336291
1578340100,a562aa,37.34042358,-84.84209426
1578339470,a82727,37.34066721,-85.72888582
1578340790,a7b4f2,37.34709142,-96.19951331
1578340790,a287c1,37.35598289,-81.75643257
1578340230,a6a382,37.3582174,-85.36800882
1578337620,a9250d,37.36482782,-87.25735872
1578337210,a923ee,37.36585197,-94.32455312
1578338720,ace965,37.37278825,-87.39552373
1578337210,a8d600,37.38214525,-82.11587657
1578337760,a7e630,37.38478088,-85.01507049
1578340720,a53436,37.39448547,-84.00146484
1578340790,ae1192,37.39755249,-94.58638293
1578340790,a8c796,37.40029907,-80.26751579
1578340610,a769a3,37.40258168,-85.02892536
1578340280,c06800,37.40359497,-85.84097355
1578339490,a963bf,37.40675354,-86.58944637
1578337660,aa6f17,37.41270447,-86.01406666
1578337210,aaf485,37.45816506,-92.15140965
1578338380,a7cb7f,37.46058655,-98.57553036
1578340790,abdcda,37.47236349,-88.41922262
1578340400,aaf82c,37.49633789,-94.04115717
1578339240,a55f6c,37.50283813,-82.7910403
1578340620,a6628b,37.52046204,-83.80441219
1578339130,a08512,37.53305054,-84.32579528
1578338720,abd17b,37.54238892,-85.60424155
1578338210,accc10,37.54312289,-95.24847943
1578340040,a7ea86,37.55003357,-84.89287681
1578339580,a7d7f3,37.55392301,-85.82758364
1578337550,aa9985,37.55671614,-98.08796758
1578340790,ab8862,37.55767822,-81.88834982
1578340790,a08acb,37.56472313,-79.5724819
1578340790,a40312,37.5672835,-97.29707137
1578337210,a28baa,37.57305598,-79.54465783
1578339390,a897f4,37.57901466,-98.10044662
1578337210,a20e38,37.5962677,-97.12615317
1578339320,a72b7a,37.59667969,-96.74373546
1578337510,a90833,37.61136847,-83.37769218
1578337210,a3cf4f,37.62419128,-93.42510467
1578340790,c036b1,37.62435654,-91.4407614
1578339320,a4350c,37.63160706,-97.77633342
1578340520,ab1890,37.63760376,-98.1408107
1578337230,a3ee1f,37.64945984,-79.53464589
1578338240,a8af5f,37.64958786,-84.89732825
1578340790,a238ad,37.65168271,-91.99037635
1578338020,a1aa24,37.65216064,-97.99804688
1578340700,ad1d3d,37.66341387,-86.50216807
1578340760,a1314e,37.66630011,-97.99237459
1578337210,ac7c52,37.67216492,-81.52626849
1578337210,a4460d,37.6723519,-90.25143167
1578339220,a3721f,37.67340088,-90.00151939
1578340790,ab68f9,37.67660522,-91.14468189
1578339220,abbf2e,37.68045199,-90.20521744
1578337460,a923ef,37.68063354,-98.03871966
1578338580,a272bf,37.69823495,-98.74296769
1578337210,abf2ea,37.71917725,-97.72005771
1578339770,ab7fde,37.7384491,-83.86729139
1578338000,a4491f,37.74499512,-84.40895243
1578340790,0d0ae8,37.75639343,-85.69815128
1578337210,a1a697,37.76248169,-81.19060111
1578337260,a0c7cc,37.78612557,-81.10626884
1578337740,a35248,37.79049683,-85.63515521
1578340710,aa853b,37.79213081,-94.81810197
1578337850,a00c94,37.79739121,-98.00073375
1578337210,a8ce4f,37.7981826,-97.29551896
1578338270,ad12e0,37.80102229,-98.1542438
1578340000,ab8820,37.80400163,-84.50313402
1578340530,06a1ec,37.82136562,-98.31259023
1578340790,aa4587,37.82751051,-86.16045745
1578337380,ac7b87,37.83306885,-84.98871499
1578337210,aaab2b,37.83393472,-96.94765837
1578340790,aa7e36,37.84295654,-83.53378621
1578337930,a85f6e,37.86112123,-89.84207153
1578337210,a34f0a,37.86880235,-79.73632149
1578340780,a7e318,37.87055969,-85.13843293
1578340020,a463de,37.89505005,-84.90433064
1578337210,a44611,37.91830444,-91.80362783
1578340790,a39544,37.91889954,-85.42103869
1578337210,a19b48,37.91968394,-95.92031728
1578338700,a115ba,37.94868599,-92.14687182
1578338360,acb40d,37.96088267,-83.4482674
1578340790,a6abcc,37.96525858,-90.76952064
1578340670,a0d9dd,37.96567755,-85.35606716
1578337210,a19350,37.97303281,-91.48954309
1578337330,a28036,37.98313464,-79.56931736
1578337710,ae093b,37.9836731,-79.57204616
1578339560,a6a711,37.98848815,-85.43207583
1578339660,a33eda,38.00784302,-86.84242411
1578340790,c00b7c,38.01274186,-87.63662587
1578337990,a30626,38.0322938,-86.55154684
1578339050,a290d6,38.04821467,-85.56015015
1578340790,aa9e6d,38.04826355,-87.42055041
1578340280,abdd09,38.05490112,-98.47922467
1578340790,ab8c37,38.05595398,-86.7849212
1578340790,ae145f,38.05826995,-95.45596579
1578340760,a4e4cc,38.05952454,-85.74905071
1578339550,abaeb2,38.06547546,-98.44012971
1578339640,a0645e,38.06886292,-85.77581527
1578337210,a3aba3,38.09281171,-89.86111848
1578340770,a8fa3f,38.09420828,-89.50782444
1578337210,a0f91d,38.10049283,-87.08778713
1578337210,a21432,38.10195923,-81.68200554
1578340190,a08ec1,38.10710325,-85.8984574
1578338680,a1c6ba,38.1132947,-98.45493483
1578337210,a27737,38.11659991,-97.32059645
1578340100,a58a04,38.12594604,-85.18652733
1578340660,adba38,38.15689087,-84.10472464
1578340790,a1d63d,38.16636425,-79.92302936
1578339240,ab2f7a,38.1711731,-85.44686825
1578338840,a3a37f,38.18243408,-87.97845719
1578337210,a555d7,38.1892214,-85.73205036
1578337600,a8bf6e,38.1892214,-85.73199065
1578340370,a1b18e,38.18925476,-85.73210371
1578340660,ab161b,38.19108349,-85.73264744
1578337210,acb2ad,38.19457491,-85.94485076
1578340790,a05879,38.19741459,-82.30891352
1578338680,a70bd8,38.20152283,-90.27109349
1578337220,a63d2f,38.21173096,-85.6702764
1578337520,a2edd9,38.21370788,-85.66434114
1578340790,aa140f,38.21570962,-83.07867299
1578337210,ab7080,38.21585083,-90.83811658
1578337910,a50e47,38.21878052,-97.33933469
1578337210,a23138,38.21989932,-92.52810934
1578340050,a93019,38.22390747,-85.67273079
1578338750,ac18cd,38.22446144,-85.67670076
1578337240,a05543,38.22511317,-85.67156584
1578340270,ab5b30,38.22514343,-85.67097765
1578339320,a1dc8f,38.22609077,-85.66965518
1578340080,a688fc,38.22958374,-85.67091922
1578340120,a303cd,38.23164368,-85.65601755
1578339630,a8a99d,38.23182678,-85.65566692
1578338170,a814f1,38.23274231,-85.65362159
1578340320,a04cbf,38.23312016,-85.65275773
1578337530,acff97,38.2475979,-89.97498222
1578339110,a5d4f5,38.2621222,-90.32367872
1578340790,a5c36e,38.26370498,-85.76405401
1578340790,a252ae,38.27217749,-87.07674109
1578337210,a4fbb4,38.27268956,-79.63553387
1578339210,a9335a,38.27563477,-97.72911559
1578340730,a032a8,38.29000854,-86.97951946
1578340790,ab8031,38.29037941,-86.28178472
1578340070,a8df4b,38.29638465,-80.28516023
1578337210,a71c46,38.31132792,-88.15471483
1578337210,aad21c,38.31402795,-95.6343145
1578340790,a8d327,38.32818604,-82.34247086
1578338980,a3fb6f,38.33297471,-98.71335237
1578337210,a78cc5,38.34068298,-94.06949956
1578338720,a2264a,38.35171509,-85.7307012
1578337560,a390d7,38.35708877,-90.33370972
1578340790,a031e1,38.36238098,-90.8225721
1578337210,acd4d9,38.36883545,-93.89500395
1578340790,acc836,38.36988831,-90.34460839
1578337210,ac671b,38.38241319,-97.78679889
1578340790,a5810d,38.38497356,-91.89400714
1578338050,a23ee7,38.39089966,-90.80819637
1578337210,a9ccb0,38.39511108,-79.62206901
1578338350,ac5569,38.39903233,-98.12379257
1578337210,acd65f,38.39931165,-93.84939443
1578340160,a67b75,38.40701294,-83.13395399
1578340790,acaa77,38.40848244,-80.90887318
1578337210,a2a4c1,38.41223145,-90.73263615
1578340730,a55a08,38.41616356,-85.28070068
1578337210,a039b4,38.41854858,-83.25248387
1578339880,a82884,38.42403089,-90.88372803
1578337580,aaaa4a,38.42714989,-98.85681152
1578337490,a5d8ac,38.43534308,-90.33679199
1578340790,aaab8f,38.44084167,-80.74013751
1578337210,a2b0cd,38.44285583,-97.21986854
1578340790,a0232a,38.44638062,-81.68663357
1578338830,aadea8,38.45658875,-94.73439092
1578340790,a4bdb9,38.47346936,-80.56762695
1578340790,a6dc36,38.47449351,-87.12554932
1578337210,a5ae2f,38.48021944,-95.46954346
1578337210,add2b5,38.4930213,-85.62902832
1578339990,a33208,38.49467468,-83.5755058
1578340790,a2b2da,38.50614903,-88.78985596
1578340090,aa844f,38.51065063,-86.52772323
1578338150,a721ee,38.51106262,-88.48143868
1578340600,ac6dbd,38.51192151,-83.41296387
1578340760,a0e308,38.51321411,-95.14697531
1578340790,a52d84,38.51327153,-90.65447998
1578338440,ac6638,38.51472473,-89.47617904
1578340790,ae1196,38.51737976,-85.03632919
1578340790,aabad0,38.52290784,-90.94934082
1578339500,a4ca9c,38.52790833,-95.67837922
1578337210,abe101,38.5287323,-85.6295312
1578337210,a3f536,38.53007688,-86.39904785
1578339850,a18da7,38.53770447,-95.27439283
1578340790,a187ba,38.5397132,-97.23944092
1578340790,a57b8b,38.54127502,-90.35759304
1578340790,a724ab,38.54310608,-83.31296838
1578337870,a83564,38.54553223,-81.71583093
1578340790,a744b3,38.54571533,-97.01733796
1578338790,ab0899,38.54585809,-90.09112549
1578339880,ad8935,38.54667664,-97.92227704
1578338900,a7c8df,38.54669603,-90.77142334
1578339780,a63892,38.55514526,-91.55325185
1578340790,ad92d7,38.55642545,-87.30181885
1578339880,abd204,38.56123352,-98.78536059
1578338700,c0619c,38.56866869,-79.53411865
1578340650,a0dbf2,38.57391357,-91.00638348
1578338790,a01a1e,38.57707214,-95.53615404
1578338370,a4d16b,38.58105158,-90.18896484
1578337210,a506d9,38.58146667,-83.18411786
1578338910,a0167c,38.58468266,-95.7277832
1578338050,ab7334,38.58640509,-94.91070557
1578340450,ab282b,38.59378052,-84.49758115
1578340790,a97dab,38.59385345,-90.82904053
1578340790,a7dd8e,38.59986877,-80.90200673
1578337620,adfe55,38.60229492,-89.88912168
1578339480,a12e57,38.6081543,-81.29440971
1578340530,abaa1a,38.6139679,-90.34350188
1578340790,a612a6,38.61522093,-90.88824463
1578337860,a7c292,38.61652439,-90.98577881
1578338590,a759a9,38.61661749,-95.65698242
1578340790,a9b04f,38.61810717,-90.6340332
1578340790,a7134c,38.61843303,-90.69122314
1578337510,a59ea8,38.61845398,-79.53456713
1578340620,aa72f5,38.6190033,-90.34457663
1578340790,a79a68,38.62113306,-91.47003174
1578339170,a2ee2e,38.62728882,-90.84630552
1578340440,aa6e4f,38.62737106,-90.33013916
1578340700,aa3e34,38.6323056,-87.44122314
1578337300,ac3d15,38.63914878,-87.13269043
1578339610,a5489f,38.63994016,-87.68127441
1578340790,a84a6d,38.64422607,-91.70431386
1578340790,a466d2,38.6449585,-85.3096141
1578338830,a6ec95,38.65120581,-84.30029297
1578340290,abe872,38.65571594,-90.3249923
1578338030,a87eac,38.66074902,-90.69311523
1578337210,a34592,38.6625824,-90.63063912
1578337400,a48075,38.66340637,-90.68969063
1578340160,a05629,38.66615295,-99.22773942
1578338240,a390ed,38.69240454,-91.71173096
1578340020,a032a2,38.69256592,-91.64717301
1578340790,ac8ee5,38.7011261,-90.28642074
1578340790,a681c1,38.70117188,-87.77019335
1578340790,49d232,38.70343742,-88.19958496
1578337210,ac6f31,38.7038269,-90.84057352
1578339630,a3bd5f,38.70543916,-98.85314941
1578337550,a24ef7,38.70650986,-84.36132813
1578340260,add44c,38.71153751,-90.51074219
1578337210,abb972,38.72042898,-91.53625488
1578337210,a8b44e,38.72163934,-91.0458374
1578339180,a56e0d,38.72639465,-90.2128004
1578337210,aae6b3,38.72689975,-88.39575195
1578338960,acb679,38.7269463,-90.20178223
1578340630,aab0de,38.72717906,-90.20574951
1578339630,a84e24,38.72721863,-90.21429311
1578337550,a0f869,38.72722561,-90.20568848
1578337460,a046f2,38.72731018,-90.20557569
1578340730,aa2a8a,38.72880839,-90.28167725
1578337280,a54952,38.72904115,-94.81567383
1578340790,ac96fb,38.72932434,-82.93077552
1578340790,aa56f7,38.73014832,-84.71533734
1578337580,a116a7,38.73390198,-90.30546769
1578337210,a74d57,38.73587036,-90.66837477
1578337210,a00cdc,38.73655701,-90.51593946
1578340790,abe4db,38.73765331,-90.34613037
1578339340,a864b2,38.73880005,-90.16413813
1578337400,ad34e5,38.74369812,-99.04903246
1578337910,a2e48d,38.74475098,-99.03834467
1578337210,a96109,38.74662781,-81.31841245
1578338140,a57a1d,38.74708557,-98.96597821
1578340790,a08714,38.75367737,-82.04757027
1578338430,a447d5,38.75550842,-90.3824914
1578339620,a64a3b,38.75550842,-90.3738337
1578338010,a55055,38.75582886,-90.37449049
1578339720,a7626b,38.75669318,-90.3762207
1578337410,ac8a9c,38.7572937,-90.37753561
1578339510,a211ef,38.75738525,-90.37783415
1578337300,ad4eba,38.75999451,-90.40995722
1578340790,a968bf,38.77464294,-92.96786101
1578337210,a17ecd,38.77770996,-95.29403687
1578337210,a8052c,38.78597453,-87.11248779
1578337210,abd010,38.7915802,-91.65672634
1578340790,a35aae,38.79167175,-86.07967211
1578337210,a95dba,38.80087125,-91.30987549
1578337790,a78af1,38.81935249,-83.34100342
1578340790,ac232a,38.8200531,-89.82236779
1578338730,a3470d,38.82349564,-89.84057617
1578338020,a9ebe8,38.82759224,-90.50286865
1578339010,ace5bc,38.83410955,-98.5402832
1578337210,aaa668,38.83839235,-89.1463623
1578337210,acc76b,38.84276827,-93.76733398
1578337210,a0f428,38.84742737,-91.82832801
1578338640,aa5bd0,38.86301849,-95.68096924
1578340760,ad7b69,38.86976624,-89.69996577
1578338430,ad3b91,38.87585449,-84.22913261
1578337210,adcd6d,38.88043213,-91.89824643
1578337890,ac444e,38.88112731,-89.29797363
1578337270,a73e17,38.88149973,-84.21801758
1578338570,ab2be6,38.88583374,-96.56922714
1578338800,a03745,38.89169467,-84.36035156
1578339460,a36ca1,38.89233398,-84.15909477
1578340790,aa0e1c,38.89271882,-90.75579834
1578339450,a44e41,38.89279175,-84.28973654
1578337640,a5bdb1,38.9058,-84.23327637
1578338860,a3dc89,38.90652466,-84.17426068
1578337940,a8ac1b,38.90775519,-94.73858643
1578340790,aa77f9,38.90836037,-84.2845459
1578337400,a9e70f,38.91022246,-90.42755127
1578337710,a36e22,38.91078186,-90.42076443
1578337210,ad159b,38.91114807,-95.86669922
1578337210,ad3997,38.92032429,-91.59844971
1578337390,ac1c45,38.9230957,-84.34007064
1578340070,ad49d1,38.92977905,-94.88354227
1578340760,a6c855,38.93089165,-83.36322021
1578337500,a31609,38.93470893,-91.11090088
1578338600,acd720,38.93536377,-84.93195907
1578337640,ac2cd7,38.93577576,-90.34893533
1578339520,a0592e,38.93582619,-84.12481689
1578337280,aa3b04,38.93934631,-84.4052124
1578337210,a517dc,38.95663504,-88.81268311
1578339210,a6622f,38.96104431,-94.56201305
1578337210,aa3ae9,38.96484375,-97.18667072
1578337800,ad4690,38.96552652,-84.09100342
1578337210,a2f948,38.96659722,-97.31829834
1578337690,a67395,38.96850586,-94.40910008
1578340790,a09e47,38.96962311,-91.22161865
1578338050,a347e8,38.97418523,-94.44769287
1578339180,a8c802,38.98374939,-98.66379448
1578339360,a5df10,38.98796082,-93.97048287
1578338550,a4afe4,38.99201474,-84.10998535
1578340790,ab20a1,38.99611134,-88.82629395
1578339780,a6b730,38.99757385,-83.86347895
1578338090,a41558,39.00627136,-84.19354646
1578338220,aa6f63,39.00695801,-98.84124756
1578337870,a4e5e2,39.00812181,-94.61950684
1578340790,a110e7,39.01094055,-90.38720836
1578337210,ad5929,39.02362371,-90.75421143
1578339780,a83e8f,39.02549744,-94.33948019
1578339310,ac4e54,39.02961731,-95.55800728
1578337420,acd3e2,39.04075493,-94.48303223
1578337210,a3cd7d,39.0410808,-83.02069092
1578338360,a8996b,39.04289634,-79.53430176
1578338700,a5d02e,39.04330444,-79.53385063
1578338410,abb19c,39.043396,-79.54232921
1578338240,aa76a8,39.04348755,-79.54471754
1578339120,aaeb0e,39.04394531,-79.53474625
1578340230,a4f5a7,39.04578257,-84.73736572
1578338270,a6e3b0,39.04586792,-84.8192895
1578339580,a47cd1,39.04592223,-84.84130859
1578337980,a3ad6d,39.04601534,-84.70941162
1578340580,a0f8f9,39.0460968,-84.82131958
1578340310,a0c3fc,39.04614258,-84.69897726
1578339980,ab674d,39.04620154,-84.84747314
1578337250,ac801e,39.04627991,-84.6884686
1578340090,a3afe8,39.0463412,-84.86566162
1578339340,a01175,39.04742432,-84.18494847
1578337770,a16883,39.0536499,-84.64667279
1578338490,a4d91c,39.05537234,-94.58361816
1578339410,a08e5a,39.06007411,-84.20581055
1578337650,aab39a,39.06491554,-98.84173584
1578338280,ac6fe9,39.06673108,-95.65026855
1578340580,acd0c2,39.06829834,-84.66858574
1578339030,a919aa,39.06884766,-84.66864544
1578340060,a21142,39.06976318,-84.66864544
1578337920,ac85ee,39.07036216,-99.04803467
1578337210,a445ec,39.07182312,-80.00883019
1578337210,a3ac39,39.07406616,-84.35923701
1578339640,a07421,39.07873535,-94.64285809
1578337230,aa96e2,39.08157349,-84.89028267
1578340640,a6eeb9,39.08358299,-79.53887939
1578337210,a511fe,39.08757019,-80.2705317
1578338820,a269c6,39.09056583,-94.57983398
1578339230,a66221,39.09522105,-84.50720215
1578338200,a737c7,39.09819031,-94.63963384
1578337210,a86cae,39.10661316,-80.64054406
1578340650,a7b097,39.10766602,-84.383598
1578337210,a8ee50,39.1096988,-84.71453857
1578340010,a6adaf,39.12373352,-94.55920676
1578339640,a97b49,39.12579346,-84.46509983
1578340790,aa2ba5,39.12716675,-90.48136836
1578340790,a8e0de,39.13097317,-81.03656006
1578337210,a03816,39.13174438,-81.11498625
1578337210,aa7bea,39.13721117,-81.66479492
1578337210,a3764b,39.13998413,-81.17588872
1578340790,ad1c16,39.144104,-84.70321655
1578337210,a32cd6,39.14575195,-94.96313344
1578337380,a3cb2a,39.14884923,-94.61706543
1578338760,adccca,39.15243375,-94.58441162
1578337210,a56a18,39.15587862,-85.03662109
1578338030,a4ee7e,39.16081238,-80.31208868
1578338080,a87688,39.16149902,-92.28706692
1578340790,a96b65,39.1681366,-97.42287677
1578337210,ab6247,39.17775817,-87.43109131
1578337210,a69e39,39.18553239,-94.41125488
1578339750,a9e2e6,39.19459534,-94.66506958
1578338430,a4c135,39.1967926,-94.65324734
1578340790,a7f44d,39.20077515,-87.49278856
1578337210,acc961,39.21949768,-81.67063174
1578337210,a9d22a,39.22407764,-95.53039551
1578337370,a920cc,39.22673112,-82.9899292
1578340740,a1889a,39.22798803,-82.88311768
1578340790,a70121,39.23762512,-91.79578698
1578337210,a4a199,39.23918152,-91.1510567
1578337210,a9f6b9,39.24614341,-94.54669189
1578337210,aa839e,39.26015563,-91.43359375
1578338660,ad7de1,39.26290221,-80.21899414
1578338890,a1afe6,39.26513672,-82.19238281
1578339450,a3ea60,39.26541138,-84.21086187
1578340040,ac789b,39.2696228,-99.81407497
1578337970,acb664,39.27058333,-79.53503418
1578339600,a45592,39.27099609,-79.53480596
1578340580,ae4d69,39.27668167,-99.5178833
1578337210,a2fc74,39.27914894,-90.14105225
1578337210,a9d41e,39.28278002,-95.38653564
1578338640,ab8bd7,39.28594557,-94.7734375
1578340790,a209d6,39.2872467,-79.73775449
1578337590,a46d95,39.2898094,-94.78503418
1578338810,a7b906,39.29111287,-91.72625732
1578339880,aa31ed,39.29679224,-94.70446777
1578338210,ab3d9a,39.29704285,-94.70441735
1578337480,adaeed,39.30382163,-79.5480957
1578339220,aa733b,39.30958557,-94.70071544
1578338410,aaac18,39.30963135,-94.70065573
1578340790,a66e7a,39.3114562,-90.0725708
1578337630,ada336,39.31271311,-94.72363281
1578337530,a1600b,39.31297302,-94.72352401
1578337880,a9b0ed,39.31299242,-94.72357178
1578338990,a82ede,39.31643728,-98.23382568
1578337690,ab1d06,39.31732178,-79.54284668
1578340610,ab9972,39.32770293,-82.12823486
1578337210,7c806a,39.33226505,-94.37652588
1578339580,a75c45,39.33491852,-84.38061523
1578339500,a7cb01,39.33636475,-79.8694113
1578337790,a5a2ba,39.33883667,-87.55894537
1578337790,a897d9,39.34606934,-86.25384123
1578340790,a08e3c,39.36035156,-84.3742835
1578337210,a23844,39.36527058,-94.00872803
1578338300,a1b742,39.36726379,-89.11046567
1578337490,a817ac,39.36736543,-99.79650879
1578338220,ade18c,39.36863708,-79.5321788
1578337440,a8c006,39.37253273,-99.77484131
1578337210,a609d4,39.38900757,-93.93071714
1578337860,a6c436,39.39001465,-99.70582382
1578337210,a806e0,39.39344788,-85.74667889
1578339060,a26c12,39.40264893,-99.80738764
1578339520,a17af1,39.40447998,-83.61533124
1578340070,a07be2,39.40563137,-82.98913574
1578337210,a81205,39.42494202,-81.81799184
1578337210,a8a083,39.42704773,-94.42157911
1578338410,a99408,39.43647766,-80.10693094
1578337210,a8706d,39.44622803,-83.0478038
1578339540,a07bed,39.44641113,-80.09136963
1578337610,ac857d,39.46243286,-83.00576915
1578337210,ab473a,39.46386822,-81.35186768
1578338730,ac3bb7,39.47140503,-88.25717428
1578337210,aa2701,39.48220825,-98.15645301
1578337220,a2eb79,39.48486328,-87.58306885
1578340790,a41090,39.49729273,-84.63891602
1578340790,a000c9,39.50036518,-99.25714111
1578337210,aac683,39.51338196,-94.28938492
1578339160,adc55c,39.51644897,-99.80326777
1578340790,adccd7,39.52340853,-87.44445801
1578340760,a270db,39.52354819,-84.00628662
1578337840,a88836,39.52986145,-79.56000287
1578338650,aa79a6,39.52992585,-79.61602783
1578337210,c01ef5,39.53297424,-97.07662831
1578340790,ac7c21,39.54048157,-79.76719068
1578337330,aa1368,39.5425415,-99.81216431
1578338470,adc7e8,39.54887261,-84.09161377
1578337210,a038c7,39.5592041,-84.28878121
1578339830,a3a091,39.56620789,-89.36064347
1578340370,a6b183,39.56776428,-85.10720294
1578338170,a92d9e,39.57641602,-84.20584637
1578340790,a458bb,39.58634716,-88.19146729
1578337230,a26ce9,39.587092,-83.68011475
1578337210,a224fa,39.58951271,-87.79199219
1578340790,a47a71,39.59312439,-98.94549826
1578340790,acac54,39.59642029,-81.8658779
1578337210,a657bf,39.61239624,-94.52845698
1578338770,a8efba,39.6159668,-99.81992639
1578337210,abc432,39.61656189,-82.37160724
1578338400,a7cb56,39.61949235,-86.23284912
1578337480,ac9d4a,39.62386826,-84.64428711
1578340230,a0b5ff,39.62832642,-79.99414195
1578340790,ad3968,39.64292908,-91.44983706
1578340790,ace6e2,39.64411849,-89.51934814
1578340790,a00102,39.65711975,-93.57031781
1578337340,a57337,39.66760254,-82.42385201
1578340760,a0717e,39.66958256,-84.00152588
1578338490,a79ab8,39.67051361,-84.00097656
1578337210,89644c,39.67346191,-85.58015243
1578340790,a0bf90,39.67597961,-93.78831283
1578337210,a15795,39.6771698,-86.49583899
1578339680,a193aa,39.6965332,-99.64539901
1578337210,ab2ae0,39.70202947,-90.63671875
1578340790,ab4c76,39.7047295,-85.42572021
1578340790,aa370d,39.7109675,-82.10791016
1578340490,a68926,39.71683308,-84.20025635
1578340790,a3a63c,39.71715895,-87.60058594
1578340630,a6a713,39.71748481,-98.95043945
1578338850,a59f03,39.72422791,-87.38352237
1578340790,ab4eeb,39.72609698,-93.74005127
1578337210,ad4496,39.735672,-85.05053976
1578340790,a148b9,39.7401092,-86.67150879
1578337210,a466c7,39.74276268,-82.18383789
1578337290,a880c8,39.74713859,-86.53045654
1578337210,a8aef3,39.75021104,-84.9309082
1578337520,abd8c1,39.75021104,-86.09851074
1578337210,a17170,39.75192261,-90.8260644
1578337930,a074ad,39.75612317,-82.67089844
1578337350,a069f6,39.75691456,-82.67437744
1578338410,abb8c4,39.76373291,-79.54758354
1578337520,a9ed88,39.77728271,-84.03418499
1578338430,a704c0,39.77947998,-90.08162125
1578340520,a2c440,39.78236389,-94.98785268
1578340130,a5d3fb,39.78535798,-87.17553711
1578340780,ad1590,39.79154942,-86.65991211
1578337210,a73e6d,39.80663235,-82.46606445
1578338390,a73c8c,39.80973816,-90.16849684
1578339300,a3522b,39.81555176,-86.37976605
1578340790,ad467b,39.81645487,-86.57043457
1578337810,accc81,39.81878248,-86.51812744
1578337210,aa51fe,39.81967163,-87.11549178
1578340790,a4c0f7,39.82073768,-86.6505127
1578339440,ab40ce,39.82208769,-86.14880371
1578340790,a32ee2,39.82250977,-86.14696337
1578340450,a4e6c8,39.82385668,-84.22570801
1578340790,a7debf,39.82446186,-82.96453857
1578340050,aa3ff7,39.82662964,-82.9083252
1578340690,aa3bf0,39.82748775,-86.20446777
1578340560,ab3275,39.83177056,-86.16131592
1578340790,a94ae3,39.83294678,-87.10462487
1578338750,a566da,39.83564758,-86.15568078
1578337270,aa9220,39.83637923,-99.76806641
1578337210,0d0a78,39.83674622,-90.40631502
1578339600,a254d7,39.83816528,-87.89343129
1578337210,acc0fa,39.83898926,-82.44063004
1578340790,a41e2c,39.83976746,-86.68869682
1578338120,a55274,39.8422966,-89.66951453
1578339090,a660dc,39.84352112,-87.40537561
1578339140,aa0ec7,39.84359483,-86.16815186
1578337210,a01fee,39.84425354,-88.50048563
1578340790,abb440,39.8451776,-89.71258545
1578340790,ad2ce1,39.84582933,-82.42156982
1578337830,ac3b24,39.84638796,-84.34082031
1578340430,abda0d,39.84832764,-89.67333586
1578338730,a58c32,39.85134888,-84.33875706
1578340790,a37a19,39.85625703,-96.1774292
1578340750,abb377,39.85656738,-86.54569543
1578337740,a4813d,39.86462402,-79.98972354
1578338540,a17755,39.86510196,-90.89550781
1578337420,a84dce,39.86833191,-86.52324511
1578337210,a9f1ae,39.87506104,-96.9032951
1578340790,a2f111,39.87818314,-90.54663086
1578340790,ad62d0,39.87883487,-82.55267334
1578339480,aa641b,39.887146,-99.81532885
1578337210,aaf9ea,39.88963499,-85.49475098
1578340530,a8fab5,39.89387124,-84.09368896
1578338900,ad8911,39.89494194,-86.84240723
1578340790,a459a4,39.89787474,-80.24468994
1578337210,a6f818,39.90037537,-86.25951352
1578337320,a67167,39.90275574,-84.20035321
1578337210,a09909,39.90294893,-86.66485596
1578337210,a6b076,39.90760415,-91.95031738
1578337210,a478d2,39.91017151,-95.03842561
1578339570,a70ad0,39.91225938,-82.87719727
1578337210,ad5c38,39.91258524,-81.89819336
1578340790,a69cf0,39.91570424,-79.5513916
1578340790,a9d632,39.91662598,-89.6628272
1578337280,abe030,39.92766817,-82.63859836
1578337410,a980d2,39.9307251,-99.80834961
1578340610,ac85b0,39.94116211,-83.23876953
1578340420,a969c7,39.94954772,-83.22099859
1578337580,a715f5,39.95082092,-82.94732666
1578340790,a32bcb,39.96240234,-84.71142578
1578340780,aba3ec,39.96276855,-86.13623047
1578340790,a081a2,39.96951863,-90.0064295
1578337510,ad1cfe,39.98213196,-86.34674072
1578337290,a8847f,39.98469543,-82.75061035
1578340790,aa1a81,39.98556519,-86.60791016
1578338100,c07a63,39.99181715,-82.70545266
1578340080,a24493,39.99188232,-82.87754822
1578337210,a0a9f0,39.99206543,-84.42724609
1578338280,a25c6e,39.99266052,-82.7088623
1578337260,ad33dd,39.99549866,-83.01861572
1578339070,a086ce,39.99719238,-82.80255127
1578338750,abb68c,40.0004425,-90.41345215
1578339690,a63e46,40.0027771,-82.90032959
1578340410,a0a051,40.00280348,-82.90033514
1578337450,ab0463,40.0035553,-82.91162109
1578340790,a0835d,40.00424194,-86.26190186
1578340790,a5b55f,40.00685352,-80.84938743
1578337740,a1ab0a,40.00927734,-82.44274902
1578340790,ada1b3,40.01019287,-92.74664307
1578340200,ad98ac,40.01555879,-84.77337924
1578340390,a69f8c,40.01658294,-80.77660301
1578339550,a07b6e,40.03175354,-83.03375244
1578337210,ab3fcc,40.03271484,-96.56677246
1578338540,ad6539,40.03390037,-91.15524986
1578340790,a258b7,40.03706593,-89.02433916
1578337210,a31f6e,40.03990173,-97.67871094
1578337230,ad8f7a,40.04081726,-86.08868408
1578340640,a3888b,40.04423497,-88.09861617
1578337210,a3e584,40.04992676,-91.17962646
1578339300,aa36ed,40.05097961,-83.23059082
1578340790,a08446,40.05107117,-90.95672607
1578340790,a33325,40.05508164,-98.41477828
1578339750,a6e36d,40.05666442,-88.24830489
1578337840,ac9e75,40.05766296,-86.04388428
1578337210,a95c89,40.05807495,-81.94146729
1578337430,a511e7,40.0615524,-86.97719921
1578339470,abe475,40.06644039,-79.53751998
1578340650,aaba1b,40.0664978,-99.81304932
1578339830,a82fa0,40.06658005,-88.24587042
1578338720,a16b84,40.07696119,-88.28781822
1578340730,a0a453,40.07789224,-83.06307012
1578337790,a99314,40.07798534,-83.05801392
1578338530,a9dbb4,40.07798767,-83.05963135
1578340790,abe09a,40.07958984,-91.98248291
1578338750,a63b2c,40.084363,-83.06319497
1578337790,a07c72,40.08613198,-83.07499279
1578337210,ab385e,40.09106652,-82.6445909
1578340790,ab2520,40.09171825,-81.29345981
1578340430,a8b2f1,40.09941101,-86.42242432
1578340070,a2b2d1,40.1073761,-86.54309082
1578338440,a07fa6,40.12854107,-79.54432401
1578337890,a76f6d,40.1312411,-99.79343761
1578338040,abb601,40.13589633,-92.61537032
1578340570,ac8617,40.13612909,-79.59151528
1578340440,a6e4e8,40.13654806,-92.60307312
1578340790,a38c95,40.13800049,-92.69598389
1578337340,ab6828,40.1437171,-97.06820401
1578340710,a1df65,40.14944303,-84.34690996
1578337210,a2d1c9,40.15026855,-85.8168335
1578337240,a3f309,40.15278625,-82.60388184
1578340790,ac3c4a,40.15324402,-84.67358398
1578337210,a93d7c,40.16500854,-80.67987061
1578337820,c0224c,40.16773806,-99.80248885
1578337210,a243d2,40.17150879,-91.09626076
1578337210,a77b76,40.17306519,-85.13024902
1578340790,abe7c5,40.17486055,-94.05901129
1578338040,a48dea,40.17709506,-99.7925637
1578337210,a35764,40.17946922,-90.07078691
1578340110,a06703,40.18510204,-79.53421159
1578337210,a4c4ec,40.18826759,-90.57622043
1578340790,a0011c,40.20025635,-83.34674072
1578337260,a008bd,40.2050264,-82.69140764
1578337210,a3e4ff,40.20515442,-91.61663818
1578337210,ad4fe1,40.23280334,-93.08929443
1578337980,a76028,40.23305085,-99.80473605
1578340790,acddbe,40.23815918,-82.95477295
1578338600,a44759,40.2421875,-84.17565918
1578340760,a9fb67,40.24708557,-80.27355957
1578337210,a68414,40.25683904,-79.88895763
1578337210,a92bec,40.2572937,-81.89343262
1578337210,a442da,40.25753732,-85.93331077
1578339310,aa72d3,40.25912476,-79.54638672
1578338760,ab633b,40.26356506,-83.09436035
1578337210,acdfab,40.27294922,-79.94232178
1578337210,a4eca6,40.28041077,-80.47949219
1578340790,aa4e1c,40.28379279,-81.04314631
1578337210,a465df,40.28588764,-84.15390015
1578337370,a9a97f,40.28961182,-92.82304937
1578340790,ad4eca,40.29515153,-83.78629511
1578337300,a489d9,40.30741882,-79.53155518
1578337210,add665,40.30879134,-94.61119912
1578337290,acaa56,40.31419373,-79.56561279
1578338200,a1640f,40.33177185,-96.73925781
1578338720,aa9769,40.34225464,-99.04638672
1578337380,a26a87,40.34696417,-86.77001953
1578340790,a093bd,40.3477478,-83.03851318
1578337310,a1bff9,40.36125571,-99.81260126
1578338180,a5bccd,40.36271667,-99.80712891
1578339340,a9ea32,40.37917832,-79.56679604
1578340230,a7371e,40.38034058,-86.96337891
1578337210,a703c1,40.39319055,-89.76822593
1578337970,a5376b,40.39500608,-83.73623241
1578340080,a9816a,40.3994751,-99.82115312
1578337210,a9033e,40.40371135,-81.83534796
1578340290,a84c2a,40.40400696,-86.94494629
1578337880,ad6da6,40.42346191,-79.99810791
1578338720,aaafcf,40.42698747,-99.79774475
1578340790,aa5691,40.42909241,-85.26000977
1578337210,a21f57,40.45829773,-82.29998779
1578339900,a68c9a,40.46086121,-89.53704834
1578340790,ad50a9,40.46104431,-87.03967285
1578340790,a858f3,40.47546387,-85.69714355
1578338610,c06a8b,40.48329163,-79.98260498
1578338510,a9903a,40.49446106,-80.01208496
1578337570,aa1ffc,40.49464417,-79.96459961
1578337860,ae04a2,40.51124702,-94.47093617
1578337730,a7e6cf,40.52428165,-80.35687533
1578337210,ac8b43,40.53084551,-95.11163885
1578337550,a1c03a,40.53163147,-99.79632568
1578337320,a5ea5c,40.53218079,-79.54797363
1578340790,a9f461,40.53266105,-79.67453697
1578338220,a399b9,40.53561401,-80.27374268
1578340790,ab1cbb,40.53593445,-87.40350342
1578340790,a74224,40.53662109,-87.3604126
1578338890,ab874c,40.54156494,-80.26470947
1578339620,adaf12,40.54554749,-99.80297852
1578339220,a5cdfd,40.54563904,-79.95648193
1578339090,a03cb6,40.5459137,-99.82281494
1578338410,a9e9d7,40.54853536,-80.43571472
1578340350,a16ec2,40.56156999,-99.80704568
1578340790,ac3be2,40.56774902,-96.5133667
1578340100,ab53e4,40.57739775,-80.05955783
1578340150,ad83b7,40.58752441,-79.54577637
1578337890,a949dd,40.59420776,-99.81335449
1578339250,ad3098,40.5950876,-99.80692083
1578339280,a2cf48,40.59516907,-99.80511475
1578340040,ab0b93,40.60155836,-99.81378729
1578337210,ad01ab,40.60933259,-80.84083557
1578337210,abd2c7,40.6131134,-94.43395996
1578340790,ab7fbf,40.61449988,-81.91811995
1578340790,a2b698,40.61529127,-93.84165677
1578337210,a5d28e,40.63000488,-99.82202148
1578340790,a4fd62,40.63367941,-88.7864477
1578338980,ab0e2b,40.63856506,-79.60217285
1578338640,a17063,40.64112854,-80.24505615
1578337210,ab703e,40.64213562,-82.04272461
1578340310,a86e35,40.64437866,-80.23797607
1578337210,c05ea2,40.65267272,-94.13828763
1578337210,a43ea2,40.65849175,-85.09479176
1578337210,ab48f5,40.67170715,-87.12908936
1578337890,a04db4,40.68032475,-86.37594743
1578337390,ac7fc2,40.68589783,-99.8046875
1578339150,a58809,40.68795932,-98.67751382
1578337580,abe0bb,40.68882751,-99.80792236
1578338670,a58c2e,40.70928955,-79.56390381
1578337210,ac7ac9,40.71652222,-98.29162598
1578339250,ad650c,40.74183655,-81.1317749
1578340790,a63baa,40.74485779,-83.50524902
1578339900,530410,40.7504425,-79.95080566
1578337210,aa75bd,40.75314331,-99.23175049
1578337210,a57231,40.75369263,-84.62689209
1578340240,a84a77,40.75520325,-96.78967285
1578340790,aa395b,40.77676392,-88.46264648
1578337570,abf6a4,40.77946472,-79.54241943
1578339360,a08fb2,40.78492763,-96.7890514
1578340690,a43297,40.79582085,-79.95418895
1578338400,a08937,40.79727173,-79.86938477
1578338790,a837fa,40.79800881,-80.41461598
1578337440,a34b13,40.81374346,-96.44841281
1578337210,a37eff,40.81793316,-82.47280468
1578339980,adc182,40.82510221,-80.39158214
1578337210,a2f842,40.8291988,-85.14366843
1578337850,a5d7b2,40.83445921,-85.50315857
1578340000,a95535,40.84373474,-99.80889893
1578339500,a49625,40.84777315,-80.39058339
1578337210,a1b0cf,40.85842896,-82.59698486
1578337360,ab0d76,40.85934448,-99.82189941
1578337210,a8f8c6,40.86630094,-79.85943187
1578337500,aaaf84,40.87109582,-88.67939342
1578337210,a1e241,40.87417603,-88.55255127
1578337210,a39723,40.88063049,-82.12158203
1578339800,a1471a,40.88226836,-89.63551608
1578340610,a4841f,40.8883667,-96.75042725
1578339230,a6c756,40.88967016,-79.54763239
1578337210,a09f19,40.89454651,-85.14373779
1578340790,a4f26b,40.89655989,-95.19228849
1578337550,ab9181,40.91377258,-88.67205811
1578340790,a92e6e,40.9226757,-96.75609242
1578339230,a8daf5,40.92300156,-89.6531816
1578337210,a3d782,40.92430115,-85.09472656
1578337210,a7d751,40.93299866,-90.2779541
1578338240,a14517,40.94004822,-84.99255371
1578338080,a897e4,40.94730183,-85.25590376
1578337210,a1e257,40.94787598,-79.71386719
1578337260,a16f20,40.95341492,-83.91821289
1578339290,ac1de6,40.95465088,-85.27734375
1578340700,a4aaa4,40.96472168,-97.32208252
1578339410,a9b31d,40.98847961,-98.03961182
1578337210,abddc4,41.00289917,-85.26220703
1578338410,a51eb3,41.00395591,-85.1595237
1578337930,a53c39,41.00614386,-83.67168773
1578339610,abfb46,41.01024046,-99.80923046
1578340700,a55f31,41.01219565,-99.80055376
1578337510,a6bfdc,41.0153612,-99.81553511
1578340790,acda02,41.01567078,-90.97991943
1578340790,ab0485,41.02266991,-87.72214716
1578337210,a513ea,41.02755789,-86.89742348
1578338370,a36bd7,41.03686523,-96.68109131
1578338370,a42761,41.04096493,-95.52637274
1578340010,abd1c5,41.04968262,-79.99066162
1578339110,a2e0d4,41.05050659,-83.72955322
1578340790,abb2d5,41.06016541,-83.703125
1578337210,aaa590,41.07568359,-95.29425049
1578339800,a30243,41.08477059,-85.51826477
1578337210,a05d92,41.09287068,-79.94495045
1578337210,0d0710,41.09720004,-79.99800942
1578339850,aa9a7a,41.09892247,-79.5440119
1578337720,ac91c0,41.09934998,-79.54632568
1578339840,a2b2b7,41.09980774,-79.55163574
1578337510,a2ce18,41.10017395,-79.55194092
1578337210,a30657,41.10106387,-88.78413807
1578337210,a20471,41.10734843,-86.52195324
1578340790,a4aea2,41.11358643,-85.2243042
1578339250,abc430,41.11530886,-81.98266463
1578340040,a9f0d2,41.11839294,-90.03924561
1578337210,ad79f0,41.12425232,-81.59649658
1578337210,a0a98a,41.12783141,-97.77763367
1578339610,a47184,41.1317418,-87.81971325
1578337210,a12625,41.13523865,-79.87365723
1578340790,acb826,41.13693237,-96.76849365
1578337890,acf3eb,41.1421051,-83.48516846
1578338520,a3cebf,41.14398193,-84.17633057
1578339140,a87f41,41.15611267,-79.53442383
1578339090,a486b3,41.15643311,-79.5333252
1578339600,a7de93,41.15753174,-79.54193115
1578340030,a0a00e,41.15790416,-79.5468209
1578338320,ac89a5,41.16376974,-81.52972828
1578340510,ad572a,41.16430664,-96.09539795
1578337210,a03bcd,41.17280087,-90.36398454
1578339640,a5cfdd,41.1755009,-96.09628851
1578340370,a523fa,41.17554745,-96.13511519
1578340020,a0bb7a,41.18028259,-96.07519531
1578337210,a49a50,41.18127338,-80.31161915
1578337420,a83326,41.18312073,-96.1305542
1578337270,a9e6a5,41.18527687,-96.15989685
1578340790,ad9b28,41.19003296,-87.52996826
1578340220,aaae5e,41.19177246,-83.56384277
1578339980,a635bc,41.19435456,-96.11707514
1578339720,a9e64b,41.20105808,-96.12050837
1578340130,ad072a,41.20734263,-81.23696761
1578337210,a5b768,41.21055474,-83.90108975
1578340000,a02074,41.21369934,-85.26037598
1578339450,aaa6f0,41.21860827,-83.54915272
1578340290,a97020,41.2222859,-79.53776966
1578338300,a5522b,41.22532654,-84.09521484
1578337210,aaa247,41.22819804,-86.70922019
1578338720,a63f2c,41.23373775,-99.44131331
1578340660,acdbe7,41.23424983,-84.65733615
1578340070,ab3fea,41.23718262,-95.82641602
1578337330,a80156,41.23722917,-79.54913053
1578337210,aaa02c,41.23988265,-82.25095576
1578337210,a6c39f,41.24160508,-84.83542702
1578340550,a8e7f1,41.24610901,-87.97772217
1578339100,a9a74e,41.24794006,-95.92156982
1578338800,ab8371,41.24963379,-81.98577881
1578338290,ab9928,41.25193968,-95.49584822
1578338050,a83a74,41.25924838,-95.78629927
1578337210,aa6ade,41.2597139,-85.28168418
1578337210,a5e48a,41.26213074,-88.78424072
1578337210,a87b8a,41.26391602,-81.72113037
1578339670,a6312b,41.2690709,-86.9268244
1578337210,a4c371,41.27677917,-84.53192139
1578337210,a3a0eb,41.28108215,-81.31585693
1578339620,a28786,41.28559694,-82.36063177
1578340290,a04515,41.29206848,-87.99072266
1578337210,a894bb,41.29257978,-80.29988376
1578340790,ac7e60,41.29714966,-83.59814453
1578340790,a958d2,41.30426439,-81.92305131
1578339640,a2597a,41.30795288,-82.18121338
1578340660,a65019,41.31082826,-87.9278287
1578337210,aaf25e,41.31264379,-88.68220243
1578340750,a1a78b,41.32575989,-87.72930908
1578337470,a1938b,41.32595773,-95.91220509
1578339140,a8ec14,41.33135779,-95.92262962
1578339720,ac6e87,41.33256815,-82.2382216
1578340790,a560fc,41.33508197,-93.73822299
1578339610,a120ba,41.33517508,-87.97770413
1578338180,a32458,41.33838718,-83.5899145
1578340790,abd971,41.35377502,-87.72521973
1578337220,a93215,41.35412184,-82.4804202
1578337210,ab2a9b,41.35495978,-88.06846619
1578337210,a29eb6,41.35798567,-88.54918046
1578339510,a0b551,41.35894775,-90.49853516
1578340790,a06f5a,41.35945129,-95.24243164
1578340790,0c205e,41.35994087,-88.04605657
1578337210,ade020,41.3605926,-92.48072538
1578337240,a0f355,41.36672974,-79.55841064
1578339050,a80a97,41.3667375,-79.5585563
1578340790,aab99f,41.37981867,-91.4691717
1578339890,a6a54e,41.38112214,-88.44655817
1578339850,ab8f6e,41.38172732,-90.49750588
1578337210,a2a686,41.38531184,-80.46492837
1578338740,aa4c3e,41.38745324,-81.89240921
1578339700,a0b88e,41.38751221,-81.89514854
1578337210,aa589c,41.38893127,-81.78503557
1578340790,a2ab6c,41.38970947,-90.09625522
1578339630,a75978,41.39080811,-83.54802912
1578337840,a8aaa5,41.39196881,-81.99403275
1578338760,aae0fe,41.40174866,-85.79772949
1578337210,ace5b6,41.40276893,-84.47758165
1578340360,a18246,41.41690063,-88.34961631
1578337210,a739ea,41.42120361,-98.0267263
1578340790,a4b989,41.42758127,-80.17464571
1578339910,a2af2a,41.43414514,-99.81053552
1578340120,aae84e,41.43526239,-96.5023094
1578340790,adcdcc,41.43721758,-90.45708235
1578340790,abdc78,41.43894002,-90.43594005
1578338080,a40ce2,41.44207764,-96.50765159
1578337210,a2e910,41.4521143,-84.49399726
1578337210,ad2ea4,41.45453502,-88.85435592
1578337390,ab586f,41.45979309,-81.77161477
1578340680,a97742,41.46026094,-81.97480667
1578337390,a361b6,41.46047974,-96.53380654
1578337210,a27380,41.46112061,-84.17212746
1578340790,a3a21b,41.46221924,-93.11169017
1578340790,a04ea1,41.4624489,-92.20531375
1578340770,a29184,41.46313477,-88.07052612
1578339510,a7d545,41.46372986,-88.32989086
1578337210,a4781b,41.46905931,-83.66012218
1578337870,a4077d,41.47769165,-99.81122797
1578338180,ad4873,41.48258972,-99.81066617
1578337210,a70491,41.48567846,-91.81638496
1578340790,aa2d14,41.48986816,-88.12606457
1578340460,a27923,41.49147034,-84.56932068
1578338980,a37df6,41.49340613,-81.61909236
1578338200,a43b5a,41.49705505,-88.08688077
1578337570,a6cce2,41.50132001,-84.39467319
1578337210,a262ad,41.5052304,-79.80539011
1578340590,a227e9,41.50769767,-88.34962357
1578338160,a45aee,41.51220703,-87.07670038
1578340790,a99045,41.51371765,-98.04542542
1578337210,adda1e,41.52511597,-86.66259072
1578337710,a7c74a,41.52701685,-81.46330368
1578337210,a8e1f6,41.52729616,-81.28790567
1578339660,a5284d,41.52914429,-87.33381792
1578340710,acf7e4,41.53558246,-88.19964742
1578340620,a96e4e,41.53660583,-88.20954063
1578339460,a82298,41.54237366,-79.5526886
1578339890,a6f220,41.54317048,-90.6313945
1578340630,a32d45,41.54349634,-88.10600813
1578338270,a4c0d2,41.5438385,-81.49570812
1578339090,a82df6,41.5453949,-79.55712058
1578337210,a9bc12,41.54722052,-92.46994373
1578337210,a6c393,41.54878235,-91.82760065
1578337210,a05bde,41.54912916,-80.76643833
1578339070,ab02a9,41.55597234,-81.52264262
1578339130,a963be,41.55674744,-83.47418352
1578339130,acf69b,41.56058101,-81.76574707
1578339600,a12151,41.56256104,-88.08201183
1578340040,aa5c6d,41.5688324,-90.62216325
1578338370,a8d5a4,41.57352254,-99.78664664
1578340790,a5a6c1,41.57636222,-84.2614959
1578337960,a20d16,41.5811571,-83.83437046
1578340790,a0e6c4,41.5822278,-92.09762218
1578340790,a9c380,41.58283298,-94.15398176
1578340790,a6a29f,41.58311462,-90.39432179
1578337620,ac2c3b,41.5872345,-87.33718872
1578340730,a53154,41.59274861,-88.57535429
1578337430,a5f5bf,41.60188293,-94.16831277
1578337210,a39710,41.61723509,-82.57260345
1578340790,ad91ed,41.62298584,-84.6451638
1578338850,ac76b6,41.62635933,-92.67153008
1578337210,a0a8de,41.62938522,-80.99874807
1578340790,acd8a3,41.63291931,-83.44709223
1578340790,acc59d,41.63818359,-89.84280608
1578337210,a781a0,41.64294434,-85.88805459
1578340710,a1040f,41.64729309,-79.54176469
1578340790,aa9b20,41.65005441,-94.07069007
1578337210,a36fa4,41.66043091,-93.24958108
1578338090,a7d0c3,41.66434595,-79.5346921
1578337210,acc5a5,41.67039774,-88.38475427
1578338130,ac9bbd,41.67142189,-83.59937801
1578339550,a5047c,41.67174776,-91.03456719
1578339850,a3babe,41.67938232,-93.74359131
1578338470,aa55b5,41.69284058,-79.53258861
1578339050,a0fbfa,41.69430542,-79.53570973
1578340790,a5050e,41.69485474,-87.66178478
1578338470,a0c7ce,41.69920349,-79.55780723
1578339230,a7ac54,41.71174622,-95.41114114
1578340790,a0fd72,41.71424995,-91.63504667
1578340470,a23d25,41.71480858,-87.68175702
1578340790,acf0db,41.71802068,-84.24814623
1578337210,ac42cb,41.72072071,-83.64600603
1578337570,a6f5d7,41.72505007,-87.69976949
1578338140,a7e3a9,41.72546904,-87.99550611
1578339950,a340be,41.73591614,-84.31938171
1578337210,abb595,41.73893738,-96.07206865
1578340790,a7e0fa,41.73966747,-88.68758091
1578337210,ab09d2,41.76008606,-87.63007424
1578339580,ac6efb,41.76364187,-79.53852454
1578338130,a56db1,41.77113678,-85.91915397
1578337210,a1b162,41.77839893,-88.18617
1578337210,440988,41.78421021,-86.16015348
1578337690,a35a46,41.78572083,-93.69739879
1578337830,accb50,41.7857891,-87.74743546
1578339520,a9b38f,41.78706929,-87.76081706
1578337380,a97db2,41.787323,-87.74898876
1578339680,abe075,41.78778076,-87.74500934
1578337540,aa6ba6,41.78838439,-87.74422579
1578338050,ab1bf0,41.79092149,-99.79648324
1578339290,a5e679,41.79359436,-99.80592207
1578340790,a1c0ec,41.79638672,-83.49378412
1578340790,aab364,41.80381646,-90.45088657
1578339610,a14236,41.8057251,-88.4860715
1578339500,a691cb,41.80586243,-87.72988753
1578337210,a4d9d8,41.81997008,-87.70730662
1578338720,a64a9c,41.83401489,-87.67826427
1578340740,ac9c9f,41.84473587,-87.6058747
1578337710,a0a901,41.85050835,-86.56581435
1578340000,ad84de,41.85168457,-87.76883906
1578339620,a6eed5,41.8525101,-91.16563664
1578340790,aa1b9a,41.85919189,-98.83918762
1578339780,a3b316,41.86001587,-88.77065485
1578340790,aa01de,41.86079407,-89.76404363
1578337640,a7610e,41.86807251,-88.25067694
1578338280,a7ee38,41.86908269,-88.45801775
1578337210,adbe91,41.87639139,-96.04541867
1578340600,ad4395,41.88318802,-87.73969074
1578337930,a0653f,41.88705186,-88.28868777
1578337290,a195b4,41.88990784,-88.26241233
1578340650,acbce5,41.89233398,-87.58600408
1578340790,a32437,41.89942932,-91.0127397
1578340790,a8994e,41.90395032,-87.51574849
1578337580,a18484,41.91087341,-88.28763095
1578339500,a0658d,41.91545105,-88.32183838
1578340170,a46b44,41.91628666,-88.26122195
1578337600,ab6a71,41.92955405,-88.24122939
1578340790,a9d0fe,41.93014526,-80.79795144
1578339300,a4ea67,41.94007874,-88.23419744
1578337360,ae698c,41.94186401,-83.513572
1578340790,a23c5d,41.94500939,-88.36661405
1578337790,a76f6c,41.95641469,-88.14688749
1578340470,a37fa0,41.95797729,-88.2449965
1578338830,a50c3e,41.95818368,-88.13283521
1578339270,abaf1e,41.95848083,-99.81590965
1578339060,aa3ae2,41.95985413,-88.06546992
1578340380,a0681c,41.96395615,-88.06219057
1578337240,4408fb,41.96502686,-87.52944946
1578337240,3c4b35,41.9657135,-87.82058716
1578337670,a8e4e9,41.96581824,-87.85127862
1578337210,ac08f5,41.96591135,-87.86909946
1578338960,ac28b7,41.9680481,-84.31357644
1578338390,aa26c8,41.9689838,-87.91349189
1578337830,a146fb,41.9690094,-87.92258523
1578339000,a0c694,41.96903035,-87.90780711
1578338540,a8dbbd,41.96905518,-87.90398338
1578339090,ab8b03,41.96905518,-87.90766629
1578340730,adb8cb,41.96960449,-88.6815782
1578337540,a445ee,41.96968208,-87.9434488
1578340450,a94105,41.97065968,-87.96363298
1578340600,aa1f5a,41.9711252,-87.94357655
1578338140,abe6f4,41.97224245,-88.07605122
1578339770,a082ac,41.97367859,-87.960538
1578340680,c02e8f,41.97459412,-87.95011347
1578337400,a6a266,41.97671147,-88.08365223
1578339720,ac0307,41.97675802,-87.24511435
1578338090,a22387,41.97798157,-88.0872553
1578340180,a7eec3,41.97898865,-87.36640237
1578338500,a2d2eb,41.98043565,-87.95009169
1578340580,ad8b25,41.98076151,-87.37541731
1578339900,ad273b,41.98136669,-87.36647495
1578339570,a7fbbb,41.98271671,-87.48278951
1578337710,a87d48,41.98290291,-87.90089275
1578338160,a24ef0,41.98324585,-87.6635326
1578338140,a30520,41.98327533,-87.50124909
1578338390,a4076a,41.98374939,-87.72370772
1578339580,a4f1ed,41.98532867,-87.92712645
1578340250,aa4322,41.98887634,-87.94830322
1578338710,a6f28c,41.99633789,-91.68527777
1578339000,a52333,42.00036621,-87.56559199
1578338880,a6496b,42.00040656,-87.59706009
1578339470,a6cec4,42.00045776,-87.60485562
1578339380,a4df5a,42.00146484,-87.59979942
1578338590,aa6e58,42.00178528,-87.66808943
1578339180,a3b88e,42.00196838,-87.57414384
1578339370,adf194,42.00215149,-87.65978726
1578340660,ad11eb,42.0025177,-87.70953785
1578339610,a59776,42.00482902,-88.14088333
1578339190,ad0c57,42.00529454,-84.75626391
1578340790,a336f0,42.00762215,-81.38563289
1578340760,a0c223,42.03053284,-84.95577725
1578340770,a1d9e7,42.03308623,-93.61858989
1578337210,abd5bb,42.03433228,-86.14467274
1578337930,a1ea3d,42.04316711,-84.04765736
1578340790,a7f27a,42.0486145,-87.43431785
1578337210,a033ff,42.05149841,-83.7224995
1578337830,a3682b,42.05692097,-89.30971367
1578337720,a0d6a8,42.0605986,-83.61968994
1578337210,a96070,42.06184387,-83.99884311
1578338340,8695a4,42.06949008,-79.53596958
1578338220,ad5a7f,42.0709332,-89.01640426
1578338390,a5320b,42.07337952,-79.56317555
1578340790,a097ce,42.07921949,-95.69628338
1578338010,a25bd7,42.08230591,-99.80061618
1578340470,a13af4,42.08555603,-79.54463612
1578339800,acb124,42.08615578,-83.27738917
1578339200,a1584a,42.08983341,-83.28997235
1578337210,ab77ac,42.09127808,-83.28023737
1578338360,a153de,42.09216102,-83.27419547
1578338450,ab6162,42.0929524,-83.27572845
1578338990,ac5d38,42.09356689,-83.2772411
1578339550,a3f133,42.09489441,-83.28092402
1578340770,a3a9d1,42.09521484,-87.87558122
1578338290,a52fb2,42.0990042,-79.5509161
1578340740,a9ea35,42.10500943,-89.15015642
1578340740,a5db4e,42.11436643,-83.28939748
1578338990,a09961,42.12062073,-83.51138722
1578340450,ac6e88,42.13238525,-87.91172374
1578338370,a343ed,42.14197191,-87.91732433
1578340620,a72f31,42.1423645,-87.91653026
1578337210,a7d771,42.14290296,-85.91455504
1578340790,a32807,42.15083313,-81.25750455
1578337420,acf975,42.15921021,-79.55893083
1578337210,a38d49,42.16452026,-83.56781699
1578337210,a5a038,42.17004291,-84.03027202
1578337210,a1b024,42.1816864,-89.12302884
1578337210,ad9db8,42.18301392,-83.22156039
1578339850,a3a2c2,42.18777466,-83.95096519
1578337530,ab0fd6,42.19229488,-92.66814476
1578337440,a0db05,42.19243454,-85.57014643
1578339780,a8e1cc,42.19397076,-99.81417634
1578337830,a55ff3,42.19476215,-88.32068865
1578340330,a56204,42.19522767,-94.16675656
1578337210,acc31a,42.20393294,-90.7524996
1578337370,ad9505,42.21148682,-88.34793091
1578338510,a09890,42.21199036,-83.56850364
1578339950,add96d,42.21394167,-88.35122042
1578337910,a0899d,42.22311246,-89.21230582
1578339130,a446aa,42.23112488,-99.80167736
1578340260,a40b43,42.23540225,-84.91722639
1578338490,a69e14,42.23940575,-83.56827137
1578337210,ad07a5,42.25666809,-98.00216675
1578337360,aacff4,42.26482327,-99.81519832
1578339140,a9c66a,42.26527405,-99.81322549
1578337900,a53cea,42.26649915,-88.10326155
1578338960,aaa267,42.26719666,-99.8034876
1578340430,a0311d,42.2758096,-83.29265506
1578339330,abe532,42.27976654,-83.3269554
1578337950,ab6519,42.28437521,-83.28530955
1578339790,a6f98e,42.2852597,-83.28460693
1578337790,ac685d,42.28586488,-83.28511793
1578340520,ac41c0,42.28637695,-83.28529358
1578339210,a92db5,42.29275461,-88.87224064
1578338970,a7ff34,42.29503567,-83.3156497
1578337540,a40d7a,42.29512877,-83.27847503
1578338840,a3f793,42.29603577,-83.2778029
1578340090,a33aa7,42.29764259,-83.2770698
1578337300,abc573,42.30034262,-83.27445097
1578338250,a92ae9,42.30402025,-83.27221538
1578340790,ab48bf,42.30679321,-83.26307123
1578337420,a53f5b,42.3123531,-83.26563636
1578340790,acb10a,42.32304382,-99.75660844
1578339090,a6168b,42.3271637,-88.87533708
1578337260,a46a7e,42.33041537,-83.29093046
1578338880,ac95e3,42.34154135,-85.32678648
1578337710,a837a5,42.35322597,-99.81979725
1578340590,a14c29,42.35357666,-99.81715809
1578340460,a3524e,42.3558197,-99.79880593
1578339160,ab1122,42.37358093,-99.81815685
1578340790,ac75ee,42.37902832,-86.21883046
1578340250,a8fc16,42.37971497,-88.43582153
1578337210,a7b09b,42.38511425,-83.84829499
1578338200,a32062,42.39024353,-88.34786849
1578339460,a96c96,42.40475464,-90.68714489
1578340470,a4b41b,42.40764553,-87.86954658
1578339430,a5b3ea,42.4132318,-87.88098003
1578340500,a696bb,42.41372681,-87.88263494
1578337420,a3245d,42.41807323,-79.53347849
1578337380,a01596,42.42026119,-83.03715905
1578339270,adb3cb,42.42750549,-99.82252641
1578337210,a66ef7,42.42878025,-87.90774323
1578340600,ab8836,42.42910611,-87.85543043
1578339940,aad9be,42.42915267,-87.85536655
1578337220,ab76c8,42.43647766,-87.84524397
1578337680,a94b48,42.43991089,-79.53158985
1578340220,ad8895,42.43995667,-79.5322765
1578339650,a8a490,42.44065107,-79.54299572
1578337570,ad8b20,42.44069762,-79.54523131
1578340790,a35238,42.44769287,-84.25546126
1578337210,aaf27c,42.45070635,-97.36492778
1578338280,a9d3e2,42.46141337,-83.08027401
1578339660,a9285c,42.47337341,-86.10678239
1578337210,a84307,42.48724986,-83.10480162
1578340790,a385c8,42.49017334,-81.83141535
1578340790,a6d88b,42.5020752,-86.90441478
1578340790,a0b3b6,42.50820923,-86.51527405
1578337210,a1899b,42.51895193,-88.39599609
1578340780,a5c8d3,42.52542114,-92.02885021
1578338300,a54a0a,42.52716064,-90.47809254
1578339890,a3e2c1,42.5297055,-83.49258068
1578340790,ab4508,42.52990723,-82.65957225
1578337660,a13e8c,42.53219604,-99.80585965
1578337850,a051e5,42.54311254,-83.16771751
1578340770,acd075,42.56117481,-88.17543917
1578339340,a4a7dc,42.57115173,-86.22332486
1578337210,a22238,42.57582092,-83.46107483
1578340560,ab9092,42.57849225,-87.92198713
1578339840,a846c8,42.59054928,-87.94070222
1578337380,a773c8,42.59790453,-99.80267902
1578340790,a014c9,42.60069766,-85.81759431
1578340610,a4709c,42.60736084,-89.0552382
1578340060,a5174d,42.6077736,-89.03294763
1578337530,a55920,42.60907707,-90.52472492
1578340680,abd69d,42.6098219,-99.81807265
1578338010,a2ab47,42.62076168,-87.92773579
1578337210,aa3839,42.64268778,-80.63594375
1578340180,a3a6a3,42.65218444,-83.53403491
1578337800,a94471,42.65953969,-82.80031426
1578339080,a3e8d2,42.66462708,-83.43292236
1578339800,a0a6b5,42.67790222,-83.44315962
1578340790,a305aa,42.67799377,-85.08580295
1578337580,a7b7b3,42.70188904,-90.78327526
1578337210,a3f07f,42.80603027,-85.27132208
1578340790,ab6f5d,42.80627235,-88.10160082
1578340790,a2ab73,42.8662262,-85.58183537
1578337210,a2b2e1,42.87908005,-85.35559518
1578338220,a09f03,42.89639748,-82.90204729
1578337450,a680c5,42.90742493,-83.52611453
1578337570,ae5681,42.909339,-84.9950082
1578340700,a653f6,42.9196736,-83.6958749
1578340790,a19ecf,42.9466095,-81.0944952
1578337210,adcca5,42.9485321,-87.68578108
1578337210,aadd37,42.97418627,-83.4665353